Food Category,Food name,Source,Vendor,Ingredients,Average quantity per serving,,,,,,,,,,,,,,Average quantity per 100g,,,,,,,,,,,,
,,,,,Serving Size (g),Energy (Kj),Energy (cal),Protein (g),Fat g (Total),Saturated Fat (g),Carbohydrate (g),Sugars (g),Dietary Fibre (g),Sodium (mg),Calcium (mg),GI,GIL,GL,Energy (Kj),Energy (cal),Protein (g),Fat g (Total),Saturated Fat (g),Carbohydrate (g),Sugars (g),Dietary Fibre (g),Sodium (mg),Calcium (mg),GI,GIL,GL
Salads,Tuna pasta salad,Foodworks 2009,"Manning Grill, Manning Kiosk, Carslaw Cafe cart, Fisher coffee cart, Courtyard Cafe, Footridge Station, Snack Express, Bosch cafe, Engineering cafe, Mallet St Cafe, Music Cafe, Music Bistro","Pasta (48%), Thickener (405), Colour (160a), Tuna (14%), Vinegar (260), red capsicum, green capsicum, corn, onion, celery, canola oil, sugar, dill, garlic, mustard, herbs and spices, garlic extract, lecithin (soy), natural colour (160a), pepper, vegetable gum (415)",200,970,232,11.8,6,0.7,30.8,5.1,,470,,46,low,15,485,116,5.9,3,0.3,15.4,2.6,,235,,46,low,7
,Fruit salad medium,Foodworks 2009,"Manning Grill, Manning Kiosk, Carslaw Cafe cart, Fisher coffee cart, Courtyard Cafe, Footridge Station, Snack Express, Bosch cafe, Engineering cafe, Mallet St Cafe, Music Cafe, Music Bistro","pineapple (78g), rockmelon/cantaloupe (20g), honeydew melon (24g), watermelon (188g), strawberry (41g), orange (85g)",436,744,178,3.3,1,0.3,38.8,38.4,7.3,25.2,,61,medium,16,145,35,0.6,0.2,0.1,7.6,7.5,1.4,4.9,,61,medium,4
,Fruit plate IPF salad,Foodworks 2009,"Manning Grill, Manning Kiosk, Carslaw Cafe cart, Fisher coffee cart, Courtyard Cafe, Footridge Station, Snack Express, Bosch cafe, Engineering cafe, Mallet St Cafe, Music Cafe, Music Bistro","Grape (20g), Honeydew melon (38g), Rockmelon/cantaloupe (31g), watermelon (54g), pineapple (31g), strawberry (12g)",186,268,64,1.2,0.4,0.1,13.9,13.9,2.3,25,32,63,medium,8,144,34,0.6,0.2,0.1,7.5,7.5,1.3,14,17,63,medium,4
,Bean medley salad,Foodworks 2009,"Manning Grill, Manning Kiosk, Carslaw Cafe cart, Fisher coffee cart, Courtyard Cafe, Footridge Station, Snack Express, Bosch cafe, Engineering cafe, Mallet St Cafe, Music Cafe, Music Bistro","Beans (12%) Beans (60%) (cannellini beans, butter beans, green baby, lima beans, borlotti beans, red kidney beans), water, sugar, salt, antioxidant (385), red kidney bean (12%), haricot beans (8%), soy beans (8%), Turtle bean (8%), corn, vinegar, green capsicum, celery, red capsicum, onion, carrot, canola oil, shallots, parsley, sugar, garlic, salt, mustard, natural colour (160a), pepper, vegetable gum (415)",200,796,190,9.2,6.4,0.6,20,7.8,,574,,51,low,7,398,95,4.6,3.2,0.3,10,3.9,,287,,51,low,4
,Lentil and walnut salad,Foodworks 2009,"Manning Grill, Manning Kiosk, Carslaw Cafe cart, Fisher coffee cart, Courtyard Cafe, Footridge Station, Snack Express, Bosch cafe, Engineering cafe, Mallet St Cafe, Music Cafe, Music Bistro","lentils (46%), tomato, vinegar, feta cheese (milk, vegetable oil, starter culture, vegetable rennet, salt), walnuts (7%), shallots, parsley, canola oil, sugar, garlic, salt, mustard, natural colour (160a), soy, pepper, vegetable gum (415)",250,1510,361,14.2,23.5,1.5,19.7,8.6,,950,,51,low,9,604,144,5.7,9.4,0.6,7.9,3.5,,380,,51,low,4
,German potato salad,Foodworks 2009,"Manning Grill, Manning Kiosk, Carslaw Cafe cart, Fisher coffee cart, Courtyard Cafe, Footridge Station, Snack Express, Bosch cafe, Engineering cafe, Mallet St Cafe, Music Cafe, Music Bistro","potato (68%), vinegar, onion, red capsicum, shallots, canola oil, sugar, lemon juice, salt, pepper, garlic, seeded mustard, herbs and spices, garlic extract, hot english mustard (water, mustard seed, salt, vegetable oil spices, food acid (330), lecithin (soy), natural colour (160a), vegetable gum (415)",200,674,161,4.1,4.7,0.3,23.5,6.3,,378,,60,medium,14,337,81,2.1,2.4,0.2,11.7,3.1,,189,,60,medium,7
,Pumpkin and cous cous salad,Foodworks 2009,"Manning Grill, Manning Kiosk, Carslaw Cafe cart, Fisher coffee cart, Courtyard Cafe, Footridge Station, Snack Express, Bosch cafe, Engineering cafe, Mallet St Cafe, Music Cafe, Music Bistro","pumpkin (56%), cous cous (20%) (durum wheat semolina), vinegar, canola oil, antioxidant (306), capsicum, shallots, mint, sugar, garlic, parsley, salt, pepper, mustard (contains acidity regulator 260), mustard (contains food acid (330), natural colour (160a), soy), vegetable gum (415)",200,667,159,2.1,11.3,0.8,10.8,6.6,,358,,72,high,8,334,80,1.1,5.7,0.4,5.4,3.3,,179,,72,high,6
,Chicken basil penne salad,Foodworks 2009,"Manning Grill, Manning Kiosk, Carslaw Cafe cart, Fisher coffee cart, Courtyard Cafe, Footridge Station, Snack Express, Bosch cafe, Engineering cafe, Mallet St Cafe, Music Cafe, Music Bistro","pasta (52%), mayonnaise (vegetable oil, water, egg, vinegar, sugar, salt, mustard, food acid (330)), thickener (415), chicken meat (12%) (chicken, milk solids, thickeners (1422, 407, 415), salt, flavour (milk), mineral salt (451), gelling agent (508), soy lecithin (322), water), celery, tomato, canola oil, parsley, basil, parmsesan cheese (contains milk), salt, cheese topping, (contains anticaking agent (460), milk), vinegar, lemon juice (contains preservative 202), garlic, pepper.",200,1950,465,10.8,32.8,3.3,30.7,4.2,,636,,46,low,15,973,232,5.4,16.4,1.7,15.4,2.1,,318,,46,low,7
,Tabbouleh dressed salad,Foodworks 2009,"Manning Grill, Manning Kiosk, Carslaw Cafe cart, Fisher coffee cart, Courtyard Cafe, Footridge Station, Snack Express, Bosch cafe, Engineering cafe, Mallet St Cafe, Music Cafe, Music Bistro","parsely, shallots, tomato, cucumber, vinegar, onion, wheat, canola oil (antioxidant 306), sugar, lemon juice (contains preservative 202), salt, garlic, mustard, natural colour (160a), soy, pepper, vegetable gum (415)",200,526,126,4,5,0.4,13.8,7.3,,429,,48,low,16,263,63,2,2.5,0.2,6.9,3.6,,214,,48,low,8
,Greek Salad IPF,Foodworks 2009,"Manning Grill, Manning Kiosk, Carslaw Cafe cart, Fisher coffee cart, Courtyard Cafe, Footridge Station, Snack Express, Bosch cafe, Engineering cafe, Mallet St Cafe, Music Cafe, Music Bistro","oil and vinegar based salad dressing (10g), green capsicum (20g), red capsicum (20g), feta cheese (20g), cucumber (50g), onion (20g), lettuce (40g), black olive (20g), tomato (80g)",280,760,181,8,14,3.5,5.9,5.3,3.8,548,,,,,271,65,2.8,5,1.2,2.1,1.9,1.4,196,,,,
,Spicy lentil salad,Foodworks 2009,"Manning Grill, Manning Kiosk, Carslaw Cafe cart, Fisher coffee cart, Courtyard Cafe, Footridge Station, Snack Express, Bosch cafe, Engineering cafe, Mallet St Cafe, Music Cafe, Music Bistro","lentils, cous cous, tomato, parsley, chickpeas, onion, canola oil, shallots, orange juice, sambal oelek, spices, garlic, food acid (260), vegetable gum (412), vinegar, sugar, lemon juice, salt, garlic, seeded mustard, herbs and spices, garlic extract, hot english mustard, lecithin (soy), natural colour (160a), pepper, vegetable gum (415)",200,834,199,7.9,10.4,0.8,15.8,3.5,,199,,47,low,18,417,100,3.9,5.2,0.4,7.9,1.8,,100,,47,low,9
,Chicken Caeser Salad small,Nutritional Information from the manufacturer,"Manning Grill, Manning Kiosk, Carslaw Cafe cart, Fisher coffee cart, Courtyard Cafe, Footridge Station, Snack Express, Bosch cafe, Engineering cafe, Mallet St Cafe, Music Cafe, Music Bistro",,,1505.52,,29.16,23.98,6.48,6.48,2.16,,825.12,,,,,697,,13.5,11.1,3,3,1,,382,,,,
,Chicken Caeser Salad,Nutritional Information from the manufacturer,"Manning Grill, Manning Kiosk, Carslaw Cafe cart, Fisher coffee cart, Courtyard Cafe, Footridge Station, Snack Express, Bosch cafe, Engineering cafe, Mallet St Cafe, Music Cafe, Music Bistro",,,2272.22,,44.01,36.186,9.78,9.78,3.26,,1245.32,,,,,697,,13.5,11.1,3,3,1,,382,,,,
,Chicken Pasta Salad,Nutritional Information from the manufacturer,"Manning Grill, Manning Kiosk, Carslaw Cafe cart, Fisher coffee cart, Courtyard Cafe, Footridge Station, Snack Express, Bosch cafe, Engineering cafe, Mallet St Cafe, Music Cafe, Music Bistro",,,3140,,35,23.4,9.3,127,14.7,,705,,,,,858,,9.6,6.4,2.5,34.7,4,,193,,,,
,Caeser Salad,Nutritional Information from the manufacturer,"Manning Grill, Manning Kiosk, Carslaw Cafe cart, Fisher coffee cart, Courtyard Cafe, Footridge Station, Snack Express, Bosch cafe, Engineering cafe, Mallet St Cafe, Music Cafe, Music Bistro",,,2158.8,,31.64,38.64,10.92,10.08,3.36,,1587.6,,,,,771,,11.3,13.8,3.9,3.6,1.2,,567,,,,
,Ham Salad small,Nutritional Information from the manufacturer,"Manning Grill, Manning Kiosk, Carslaw Cafe cart, Fisher coffee cart, Courtyard Cafe, Footridge Station, Snack Express, Bosch cafe, Engineering cafe, Mallet St Cafe, Music Cafe, Music Bistro",,,545.9,,13.18,6.59,1.03,3.5,3.5,,976.44,,,,,265,,6.4,3.2,0.5,1.7,1.7,,474,,,,
,Ham Salad,Nutritional Information from the manufacturer,"Manning Grill, Manning Kiosk, Carslaw Cafe cart, Fisher coffee cart, Courtyard Cafe, Footridge Station, Snack Express, Bosch cafe, Engineering cafe, Mallet St Cafe, Music Cafe, Music Bistro",,,848,,20.48,10.24,1.6,5.44,5.44,,1516.8,,,,,265,,6.4,3.2,0.5,1.7,1.7,,474,,,,
,Garden Salad small,Nutritional Information from the manufacturer,"Manning Grill, Manning Kiosk, Carslaw Cafe cart, Fisher coffee cart, Courtyard Cafe, Footridge Station, Snack Express, Bosch cafe, Engineering cafe, Mallet St Cafe, Music Cafe, Music Bistro",,,388.08,,2.8,5.292,0.45,6.55,6.3,,246.96,,,,,154,,1.1,2.1,0.2,2.6,2.5,,98,,,,
,Anti Pasto Salad small,Nutritional Information from the manufacturer,"Manning Grill, Manning Kiosk, Carslaw Cafe cart, Fisher coffee cart, Courtyard Cafe, Footridge Station, Snack Express, Bosch cafe, Engineering cafe, Mallet St Cafe, Music Cafe, Music Bistro",,,2079,,22.05,38.15,12.6,17.5,9.2,,1697.5,,,,,594,,6.3,10.9,3.6,5,2.63,,485,,,,
,Pasta Salad,Nutritional Information from the manufacturer,"Manning Grill, Manning Kiosk, Carslaw Cafe cart, Fisher coffee cart, Courtyard Cafe, Footridge Station, Snack Express, Bosch cafe, Engineering cafe, Mallet St Cafe, Music Cafe, Music Bistro",,,2280,,16.5,16,6.8,105,12.3,,450,,,,,914,,6.6,6.4,2.7,42.1,4.9,,180,,,,
,Greek Salad,Nutritional Information from the manufacturer,Raw,"tomato, spanish onion, cucumber. Olives, fetta and lemon and oregano vinaigrette",,270.2,,4.78,4.5,2.73,3.34,2.92,,239.4,,,,,180.13,,3.19,3.00,1.82,2.23,1.95,,159.60,,,,
,Caeser Salad,Nutritional Information from the manufacturer,Raw,"lettuce, rindless bacon, baguette, parmesan cheese, eggs, caesar dressing",,16982.4,,258.41,251.44,66.36,171.3,45.89,,9903.57,,,,,540.84,,8.23,8.01,2.11,5.46,1.46,,315.40,,,,
,"Potato, Snow Peas, and Water Cress Salad - CafÃ© Menu",Nutritional Information from the manufacturer,Raw,"potato, snow pea, watercress, mustard seeded, vinegar, olive oil",,1153.03,,3.39,22.11,3.52,14.95,1.6,,12.12,,,,,574.22,,1.69,11.01,1.75,7.45,0.80,,6.04,,,,
,Chickpea and Carrot Salad,Nutritional Information from the manufacturer,Raw,"chick pea, carrots, ground ginger, coriander, cumin, coriander leaf, orange juice, olive oil, large oranges, cardamon pods, cinnamon quill",,1382.71,,5.72,26.16,4.92,17.59,9.58,,446.92,,,,,456.34,,1.89,8.63,1.62,5.81,3.16,,147.50,,,,
,,,,,,,,,,,,,,,,,,,,,,,,,,,,,,,
Sushi,Smoked salmon roll,Foodworks 2009,,"Rice, canola oil, white vinegar, salt, sugar, seaweed, avocado, vegetable (28%), pickles (salt, vinegar, sugar, vegetables), trehalose",125,738,177,5.9,2,1,33.4,2.8,,313,,48,low,16,590,141,4.7,1.6,0.8,26.7,2.4,,250,,48,low,13
,Chicken roll,Foodworks 2009,,"rice, canola oil, white vinegar, salt, sugar, seaweed, chicken (34%), vegetable, soy sauce [allergens: soybeans, wheat], trehalose",125,733,175,8.9,3.1,0.8,29,3.8,,458,,48,low,14,626,150,7.1,2.5,0.6,23.2,3,,366,,48,low,11
,California roll,Foodworks 2009,,"rice, canola oil, white vinegar, salt, seaweed, vegetables, crab stick (10%), (pollack, water, wheat starch, crab extract, crab flavour, food colouring (annato cochineal), egg white), avacado, caviar, trehalose",125,750,179,4.3,1.8,0.8,36,4.1,,325,,48,low,17,600,144,3.4,1.4,0.6,28.2,3.3,,260,,48,low,14
,Vegetarian roll,Foodworks 2009,,"Rice, canola oil, white vinegar, salt, sugar, seaweed, avocado, vegetable (28%), pickles (salt, vinegar, sugar, vegetables), trehalose",125,591,141,3.3,3,0.6,24.1,4.4,,289,,48,low,12,473,113,2.6,2.4,0.5,19.3,3.5,,215,,48,low,9
,Tuna roll,Foodworks 2009,,"Rice, canola oil, white vinegar salt, seasweed, tuna (28%), mayonnaise, (egg, sugar, vinegar, mustard, vegetable oil, milk solid's non fat), trehalose",125,800,191,7.1,1.4,0.4,36.8,8.1,,500,,48,low,18,640,153,5.7,1.1,0.3,29.4,4.8,,400,,48,low,14
,Prawn roll,Foodworks 2009,,"rice, canola oil, white vinegar, salt, sugar, seaweed, wheat flour, prawn (14%), mayonnaise (egg, sugar, vinegar, mustard, vegetable oil, milk solid's non fat), trehalose",125,958,229,4.5,6.1,1.1,37.8,2.4,,801,,48,low,18,765,183,3.6,4.9,0.9,30.2,1.9,,641,,48,low,14
,,,,,,,,,,,,,,,,,,,,,,,,,,,,,,,
Baked Goods,Banana bread,Foodworks 2009,"Manning Grill, Manning Kiosk, Carslaw Cafe cart, Fisher coffee cart, Courtyard Cafe, Footridge Station, Snack Express, Bosch cafe, Engineering cafe, Mallet St Cafe, Music Cafe, Music Bistro","Banana pieces (26.47%), sugar, protein enriched flour, oil, egg pulp, soft flour, sour cream, banana slices (6.3%), banana pulp (3.67%), bi-carb soda, lemon, sorbastate, vanilla, cream tartare. Total banana 36.5%",157,2090,500,6.6,22.8,3.4,65.5,42,,21.8,,51,low,33,1331,318,4.2,14.5,2.1,41.7,26.8,,13.9,,51,low,21
,Apple walnut bread,Foodworks 2009,"Manning Grill, Manning Kiosk, Carslaw Cafe cart, Fisher coffee cart, Courtyard Cafe, Footridge Station, Snack Express, Bosch cafe, Engineering cafe, Mallet St Cafe, Music Cafe, Music Bistro","Self raising flour, caster sugar, fresh banana, diced apples [apple, antioxidant (ascorbic acid), firming agent (calcium chloride)], eggs, canola oil, sour cream pasteurised cream, culture], walnuts, cinnamon, baking soda, salt.",100,1190,285,4.9,10.5,1.7,41.1,20.6,,403,,47,low,19,1190,285,4.9,10.5,1.7,41.1,20.6,,403,,47,low,19
,Muffin rasp and white,Foodworks 2009,"Manning Grill, Manning Kiosk, Carslaw Cafe cart, Fisher coffee cart, Courtyard Cafe, Footridge Station, Snack Express, Bosch cafe, Engineering cafe, Mallet St Cafe, Music Cafe, Music Bistro","Muffin mix 40% (wheat flour, sugar, vegetable (antioxidant 306), milk solids, egg powder, raising agents (500, 541), dextrose, wheat starch, salt, emulsifiers (471, 481), thickener (412), flavours, colour (102). Water, oil, white chocolate bits 4%, frozen whole raspberry 6%",180,2800,670,6.4,39.5,5.2,71,30.1,,307,,52,low,37,1556,372,3.5,22,2.9,39.5,16.7,,170,,52,low,21
,Muffin choc chip,Foodworks 2009,"Manning Grill, Manning Kiosk, Carslaw Cafe cart, Fisher coffee cart, Courtyard Cafe, Footridge Station, Snack Express, Bosch cafe, Engineering cafe, Mallet St Cafe, Music Cafe, Music Bistro","Muffin mix 40% (wheat flour, sugar, vegetable (antioxidant 306), milk solids, egg powder, chocolate chip 6%, raising agents (500, 541), dextrose, wheat starch, salt, emulsifiers (471, 481), thickener (412), flavours, colour (102), water, oil.",180,2739,655,5.9,37.5,10.3,72,38.1,,258,,52,low,37,1522,364,3.2,20.9,5.7,40,21.1,,143,,52,low,21
,Muffin apple cinnamon,Foodworks 2009,"Manning Grill, Manning Kiosk, Carslaw Cafe cart, Fisher coffee cart, Courtyard Cafe, Footridge Station, Snack Express, Bosch cafe, Engineering cafe, Mallet St Cafe, Music Cafe, Music Bistro","Muffin mix 40% (wheat flour, sugar, vegetable (antioxidant 306), milk solids, egg powder, apple and cinnamon 85, raising agents (500, 541), dextrose, wheat starch, salt, emulsifiers (471, 481), thickener (412), flavours, colour (102), water, oil.",180,2739,655,5.9,37.5,10.3,72,38.1,,258,,52,low,33,1522,364,3.2,20.9,5.7,40,21.1,,143,,52,low,18
,Caramel slice,Foodworks 2009,"Manning Grill, Manning Kiosk, Carslaw Cafe cart, Fisher coffee cart, Courtyard Cafe, Footridge Station, Snack Express, Bosch cafe, Engineering cafe, Mallet St Cafe, Music Cafe, Music Bistro","Base: soft flour, margarine (animal fat, vegetable oil, emulsifiers (435, 471), antioxidants (320(39.8mg/kg), 310 (11.9mg/kg), flavour). Caster sugar, coconut 18%, baking powder. Topping: oil, chocolate 21% (sugar, vegetable fat, cocoa, whey powder emulsifiers (492 soya lecithin), salt flavour) margarine, golden syrup (cane sugar syrup), condensed milk 4% (milk, sugar).",120,2453,587,5.2,39.2,11.8,53,44.7,,218.3,,46,low,24,2044,489,4.3,32.7,9.8,44.2,37.3,,181.9,,46,low,20
,Chocolate brownie slice,Foodworks 2009,"Manning Grill, Manning Kiosk, Carslaw Cafe cart, Fisher coffee cart, Courtyard Cafe, Footridge Station, Snack Express, Bosch cafe, Engineering cafe, Mallet St Cafe, Music Cafe, Music Bistro","Base: soft flour, margarine (animal fat, vegetable oil, emulsifiers (435, 471), antioxidants (320(39.8mg/kg), 310 (11.9mg/kg), flavour). Caster sugar, coconut 18%, baking powder. Topping: oil, chocolate 21% (sugar, vegetable fat, cocoa, whey powder emulsifiers (492 soya lecithin), salt flavour) margarine, golden syrup (cane sugar syrup), condensed milk 4% (milk, sugar).",110,1935,463,4.9,25.6,18.3,52.4,44.1,,42.5,,42,low,22,1760,421,4.5,23.3,16.6,47.6,40.1,,38.6,,42,low,20
,Double chocolate muffin,Foodworks 2009,"Manning Grill, Manning Kiosk, Carslaw Cafe cart, Fisher coffee cart, Courtyard Cafe, Footridge Station, Snack Express, Bosch cafe, Engineering cafe, Mallet St Cafe, Music Cafe, Music Bistro","Dark compund chocolate 20%, wheat flour, sugar, water, vegetable oil, emulsifiers (322, soy 471, 477), antioxidants (320), egg, milk solids, maize starch (1422), mineral salts (500, 541), salt, flavours, vege gum (415).",175,2910,696,8.5,37.5,14,80,56.8,,536,,46,low,22,1660,397,4.9,21.4,8,45.7,32.4,,306,,46,low,20
,Muffin blueberry,Foodworks 2009,"Manning Grill, Manning Kiosk, Carslaw Cafe cart, Fisher coffee cart, Courtyard Cafe, Footridge Station, Snack Express, Bosch cafe, Engineering cafe, Mallet St Cafe, Music Cafe, Music Bistro","Muffin mix 40% (wheat flour, sugar, vegetable (antioxidant 306), milk solids, egg powder, blueberry 8%, raising agents (500,541), dextrose, wheat starch, salt, emulsifiers (471, 481), thickener (412), flavours, colour (102), water, oil.",180,2739,655,5.9,37.5,10.3,72,38.1,,258,,59,medium,42,1522,364,3.2,20.9,5.7,40,21.1,,143,,59,medium,24
,Banana muffin large,Foodworks 2009,"Manning Grill, Manning Kiosk, Carslaw Cafe cart, Fisher coffee cart, Courtyard Cafe, Footridge Station, Snack Express, Bosch cafe, Engineering cafe, Mallet St Cafe, Music Cafe, Music Bistro","Banana 17%, wheat flour, sugar, water, vegetable oil, emulsifiers (322, soy, 471, 477) antioxidants (320), egg, milk solids, maize starch (1422), mineral salts (500, 541), salt, flavours. Veg gum (415)",175,2350,562,7.6,28.8,4.8,67.3,42.7,,546,,51,low,34,1340,321,4.3,16.5,2.8,38.4,24.4,,312,,51,low,20
,Orange poppy muffin,Foodworks 2009,"Manning Grill, Manning Kiosk, Carslaw Cafe cart, Fisher coffee cart, Courtyard Cafe, Footridge Station, Snack Express, Bosch cafe, Engineering cafe, Mallet St Cafe, Music Cafe, Music Bistro","Orange juice 15%, wheat flour, sugar, water, vegetable oil, emulsifiers (322, soy, 471 477) antioxidants (320), egg, milk solids, maize starch (1422), mineral salts (500, 541), salt. Flavours. Veg gum (415)",175,2340,560,7.6,30,5,63.9,39.9,,553,,46,low,29,1340,321,4.4,17.2,2.9,36.5,22.8,,316,,46,low,17
,Cookies love bar - FN,Foodworks 2009,"Manning Grill, Manning Kiosk, Carslaw Cafe cart, Fisher coffee cart, Courtyard Cafe, Footridge Station, Snack Express, Bosch cafe, Engineering cafe, Mallet St Cafe, Music Cafe, Music Bistro","Rolled oats, plain flour, brown sugar, butter (cream water), apricot jam, [sugar, fruit (50% fruit ans sugar) (apple, apricot) (pectin)], fine coconut [coconut (99.95%)], sodium metabisulfite (E223) (0.005%), condensed milk, golden syrup, pistacchio, pumpkin seeds, almonds, chocolate [sugar, vegetable oil (contains emulsifier (E492), cocoa solid 16% milk solid 6%, whey powder, emulsifier (soya lecithin (322), flavouring, salt vanilla] salt",95,1502,359,6.1,14.1,7.8,49.6,30.3,,748,,43,low,21,1581,378,6.5,14.8,8.3,52.2,31.8,,788,,43,low,22
,,,,,,,,,,,,,,,,,,,,,,,,,,,,,,,
Hot Pastries,light sausage roll,Foodworks 2009,"Manning Grill, Manning Kiosk, Carslaw Cafe cart, Fisher coffee cart, Courtyard Cafe, Footridge Station, Snack Express, Bosch cafe, Engineering cafe, Mallet St Cafe, Music Cafe, Music Bistro","water, flour, sausage, mince, beef mince, vegetable oil, bread crumbs, onion, worcestershire sauce, rice, salt, (451), bakers yeast, rye meal, oat gluten, semolina, sugar, flour treating agents (920, 471 472E, 481), baking powder, whey powder, spices, soya bean, sesame seed, lecithin, pepper, garlic, preservatives (223, 331)",165,1400,335,14.2,9.4,5.4,45.4,0.4,,470,,59,medium,27,848,203,8.6,5.7,3.3,27.5,0.2,,285,,59,medium,16
,light sausage roll and sauce,Foodworks 2009,"Manning Grill, Manning Kiosk, Carslaw Cafe cart, Fisher coffee cart, Courtyard Cafe, Footridge Station, Snack Express, Bosch cafe, Engineering cafe, Mallet St Cafe, Music Cafe, Music Bistro","Light sausage roll (170g), sauce tomato commercial (5.2ml)",175,1422,340,14.3,9.4,5.5,46.7,1.6,,521,,59,medium,28,835,200,8.4,5.5,3.2,27.4,0.9,,306,,59,medium,16
,lower fat steak pie,Foodworks 2009,"Manning Grill, Manning Kiosk, Carslaw Cafe cart, Fisher coffee cart, Courtyard Cafe, Footridge Station, Snack Express, Bosch cafe, Engineering cafe, Mallet St Cafe, Music Cafe, Music Bistro","beef, flour, vegetable oil, water, starch (1422), seasonings (621, 627, 631), soy flour, Hvp, onion, salt, worcestershire sauce, emulsifiers (920, 471, 472e, 481), baking powder, whey (310, 320, 331)",175,1260,301,15.9,13.5,7.4,27.8,0.4,,523,,59,medium,16,721,172,9.1,7.7,4.2,15.9,0.2,,299,,59,medium,9
,lower fat steak pie and sauce,Foodworks 2009,"Manning Grill, Manning Kiosk, Carslaw Cafe cart, Fisher coffee cart, Courtyard Cafe, Footridge Station, Snack Express, Bosch cafe, Engineering cafe, Mallet St Cafe, Music Cafe, Music Bistro","lower fat steak pie (175g), sauce tomato commercial (5.2ml)",180,1285,307,16,13.5,7.4,29.1,1.6,,574,,59,medium,17,712,170,8.9,7.5,4.1,16.2,0.9,,318,,59,medium,10
,moroccan spiced lamb filo,Foodworks 2009,"Manning Grill, Manning Kiosk, Carslaw Cafe cart, Fisher coffee cart, Courtyard Cafe, Footridge Station, Snack Express, Bosch cafe, Engineering cafe, Mallet St Cafe, Music Cafe, Music Bistro","water, lamb (19%), filo pastry (17%) (wheatflour thiamine and folic acid), water, wheaten cornflour, salt, sunflower oil, preservative (potassium sorbate 202), onion, crushed tomato, stewed apple, canola oil, tomato paste, starch, pumpkin, potato, carrot, celery, broccoli, cauliflower, turmeric, beef enhancer, vegetable oil, cumin, garlic, salt, cardamon, paprika, cayenne pepper, pepper.",240,1960,469,21.3,22.1,3.5,44.3,6.2,,1000,,59,medium,26,818,196,8.9,9.2,1.4,18.5,2.6,,418,,59,medium,11
,chicken mushroom and thyme filo,Foodworks 2009,"Manning Grill, Manning Kiosk, Carslaw Cafe cart, Fisher coffee cart, Courtyard Cafe, Footridge Station, Snack Express, Bosch cafe, Engineering cafe, Mallet St Cafe, Music Cafe, Music Bistro","chicken (24%), filo pastry (19%), (wheatflour thiamine and folic acid), water, wheaten corn flour, salt, sunflower oil, preservative (potassium sorbate 202), water, mushroom (12%), brown onion, milk, canola oil, arborio rice, starch, paprika, salt, garlic, thyme (1%), pepper.",240,2090,500,21.7,22.5,3.4,50.8,3.4,,880,,59,medium,30,871,208,9.1,9.4,1.4,21.1,1.4,,366,,59,medium,12
,"spinach, pumpkin and ricotta filo",Foodworks 2009,"Manning Grill, Manning Kiosk, Carslaw Cafe cart, Fisher coffee cart, Courtyard Cafe, Footridge Station, Snack Express, Bosch cafe, Engineering cafe, Mallet St Cafe, Music Cafe, Music Bistro","pumpkin (31%), filo pastry (21%), (wheatflour thiamine and folic acid), water, wheaten cornflour salt, sunflower oil, preservative (potassium sorbate 202), spinach (19%), ricotta (16%), canola oil, egg, feta, parmesan (pasteurised milk, salt, starter culture enzymes (contains egg protein)), garlic, salt, pepper.",225,1830,438,15.8,24.7,6.2,36.5,5,,912,,59,medium,22,815,195,7,11,2.8,16.2,2.2,,405,,59,medium,10
,ham and cheese croissant,Foodworks 2009,"Manning Grill, Manning Kiosk, Carslaw Cafe cart, Fisher coffee cart, Courtyard Cafe, Footridge Station, Snack Express, Bosch cafe, Engineering cafe, Mallet St Cafe, Music Cafe, Music Bistro","cheese tasty (19.8g), ham non-canned (42g), croissant plain (1 medium (12-15cm long)",130,1537,368,19.2,22.5,14,47.7,3.3,1.9,813,,67,medium,32,1193,265,14.9,17.4,10.8,17.5,2.5,1.5,632,,67,medium,12
,premium steak pie,Foodworks 2009,"Manning Grill, Manning Kiosk, Carslaw Cafe cart, Fisher coffee cart, Courtyard Cafe, Footridge Station, Snack Express, Bosch cafe, Engineering cafe, Mallet St Cafe, Music Cafe, Music Bistro","wheat flour, water, steak (25% minimum), vegetable oils [vegetable oil, water, salt, emulsifiers (471, soybean lecithin), antioxidant (320), flavour], thickeners (1422), salt, seasoning [flavour enhancers (621, 635)], soy flour, flavour, hydrolysed vegetable protein, maltodextrin, breadcrumb (wheat), colour (150c), milk solids.",200,2040,488,21.5,21.8,13.4,50.7,1,,1140,,59,medium,30,1020,244,10.7,10.9,5.7,25.4,0.5,,568,,59,medium,15
,beef stroganoff,Foodworks 2009,"Manning Grill, Manning Kiosk, Carslaw Cafe cart, Fisher coffee cart, Courtyard Cafe, Footridge Station, Snack Express, Bosch cafe, Engineering cafe, Mallet St Cafe, Music Cafe, Music Bistro","wheat flour, water, steak (19%), vegetable oils [vegetable oil, water, salt, milk solids, emulsifiers (471, soybean, lecithin), antioxidant (320), flavour], sour cream (5%), onion, thickeners (1422), milk solids, seasonings [flavour enhancers (621, 635)], salt, soy flour, spice, maltodextrin, breadcrumb (wheat), flavours [flavour enhancers (631), herb.",200,2100,502,18.6,24.9,13.5,50.6,2.9,,1020,,59,medium,30,1050,251,9.3,12.4,6.8,25.3,1.4,,511,,59,medium,15
,chicken leek and mushroom pie,Foodworks 2009,"Manning Grill, Manning Kiosk, Carslaw Cafe cart, Fisher coffee cart, Courtyard Cafe, Footridge Station, Snack Express, Bosch cafe, Engineering cafe, Mallet St Cafe, Music Cafe, Music Bistro","wheat flour, water, chicken (18%) [chicken breast, water, salt, thickeners (1422, 407), mineral salts (450.451), dextrose, potato starch, vegetable gum (407), sugar, onion powder, canola oil], vegetable oils [vegetable oil, water, salt, emulsifiers (471, soybean lecithin), antioxidants (320), flavour], milk solids, leek (4%), mushroom (2%), thickeners (1422), salt flavours [flavour enhancers (627, 631, 621)], soy flour, maltodextrin, breadcrumb (wheat), spice, herb.",200,2240,536,18.2,27.8,15.3,52.6,4.1,,1090,,59,medium,31,1120,268,9.1,13.9,7.7,26.3,2,,544,,59,medium,16
,quiche lorraine,Foodworks 2009,"Manning Grill, Manning Kiosk, Carslaw Cafe cart, Fisher coffee cart, Courtyard Cafe, Footridge Station, Snack Express, Bosch cafe, Engineering cafe, Mallet St Cafe, Music Cafe, Music Bistro","shortcrust pastry (wheatflour, margarine (vegetable fats and oils, water, salt, emulsifiers (soy lecithin 471), antioxidant (320), flavour), preservatives (202, 281), food acid (330), bacon (19%), (pork (89%), water, salt, sugar, mineral salts (450, 451), dextrose, anti-oxidant (316), sodium nitrite (250)) milk, onion (16%), egg, water, cream, cheddar (milk, salt, starter culture - enzyme, anti caking agent (460)), modified corn starch, vegetable oil, milk powder, rocket, salt pepper.",155,1930,462,15.6,32.9,15.2,25.6,4.5,,772,,59,medium,15,1240,297,10.1,21.2,9.8,16.5,2.9,,498,,59,medium,10
,premium sausage roll,Foodworks 2009,"Manning Grill, Manning Kiosk, Carslaw Cafe cart, Fisher coffee cart, Courtyard Cafe, Footridge Station, Snack Express, Bosch cafe, Engineering cafe, Mallet St Cafe, Music Cafe, Music Bistro","water, beef (23%), wheat flour, vegetable oil, bread crumb [cereals and cereal flours, yeast, salt, vegetable oils, soy flour, emulsifiers (471, 472-e, 481), preservatives (282), vegetable gum (412), thiamin], onion, wheat fibre, salt, maltodextrin, soy protein, hydrolysed vegetable protein, spices, vegetable powder, flavour enhancer (621, 635), mineral salt (450, 451), chicken fat, natural flavour, emulsifiers (471), spice extracts.",175,2020,483,15.7,26.6,14.4,42.7,0.7,,1180,,59,medium,25,1160,278,8.9,15.2,8.2,24.4,0.4,,673,,59,medium,14
,,,,,,,,,,,,,,,,,,,,,,,,,,,,,,,
Beverages,Flat white skim milk small,Foodworks 2009,"Manning Grill, Manning Kiosk, Carslaw Cafe cart, Fisher coffee cart, Courtyard Cafe, Footridge Station, Snack Express, Bosch cafe, Engineering cafe, Mallet St Cafe, Music Cafe, Music Bistro","skim milk (201ml), coffee, espresso (30ml)",239,300,72,7.6,0.3,0.2,10,10,,107,245,32,low,3,125,30,3.2,0.1,0.1,4.2,4.2,,45,102,32,low,1
,Mocha skim milk small,Foodworks 2009,"Manning Grill, Manning Kiosk, Carslaw Cafe cart, Fisher coffee cart, Courtyard Cafe, Footridge Station, Snack Express, Bosch cafe, Engineering cafe, Mallet St Cafe, Music Cafe, Music Bistro","skim milk (201ml), coffee, espresso (30ml), beverage base, chocolate flavour (25.2g)",265,678,162,10.4,2,1.4,26.7,22.9,,145,315,44,low,12,256,61,3.9,0.8,0.5,10.1,8.7,,55,119,44,low,4
,Flat white skim milk large,Foodworks 2009,"Manning Grill, Manning Kiosk, Carslaw Cafe cart, Fisher coffee cart, Courtyard Cafe, Footridge Station, Snack Express, Bosch cafe, Engineering cafe, Mallet St Cafe, Music Cafe, Music Bistro","skim milk (245ml), coffee, espresso (90ml)",346,370,88,9.3,0.4,0.4,12.2,12.2,,138,300,32,low,4,107,26,2.7,0.1,0.1,3.5,3.5,,40,87,32,low,1
,Flat white regular milk large,Foodworks 2009,"Manning Grill, Manning Kiosk, Carslaw Cafe cart, Fisher coffee cart, Courtyard Cafe, Footridge Station, Snack Express, Bosch cafe, Engineering cafe, Mallet St Cafe, Music Cafe, Music Bistro","milk (245ml), coffee espresso (90ml)",343,662,158,8.7,7,4.6,15.4,14.9,,109,259,31,low,5,193,46,2.5,2,1.4,4.5,4.3,,32,76,31,low,1
,Flat white soy milk small,Foodworks 2009,"Manning Grill, Manning Kiosk, Carslaw Cafe cart, Fisher coffee cart, Courtyard Cafe, Footridge Station, Snack Express, Bosch cafe, Engineering cafe, Mallet St Cafe, Music Cafe, Music Bistro","vitasoy soymilk regular (201ml), coffee espresso (30ml)",237,551,132,6.7,6.1,1.2,12.3,7,,125,>0.6,45,low,6,238,57,2.9,2.6,0.5,5.3,3,,54,>0.3,45,low,2
,Flat white soy milk large,Foodworks 2009,"Manning Grill, Manning Kiosk, Carslaw Cafe cart, Fisher coffee cart, Courtyard Cafe, Footridge Station, Snack Express, Bosch cafe, Engineering cafe, Mallet St Cafe, Music Cafe, Music Bistro","vitasoy soymilk regular (245ml), coffee espresso (90ml)",346,677,162,8.2,7.5,1.6,15,8.6,,160,>1.8,45,low,7,202,48,2.4,2.2,0.5,4.5,2.6,,47.6,>0.5,45,low,2
,Mocha skim milk large,Foodworks 2009,"Manning Grill, Manning Kiosk, Carslaw Cafe cart, Fisher coffee cart, Courtyard Cafe, Footridge Station, Snack Express, Bosch cafe, Engineering cafe, Mallet St Cafe, Music Cafe, Music Bistro","skim milk (245ml), coffee, espresso (90ml), beverage base, chocolate flavour (25.2g)",371,764,183,10.7,1.7,1.1,32.5,31,,178,310,44,low,14,206,49,2.9,0.4,0.3,8.8,8.4,,48,84,44,low,4
,Mocha soy milk small,Foodworks 2009,"Manning Grill, Manning Kiosk, Carslaw Cafe cart, Fisher coffee cart, Courtyard Cafe, Footridge Station, Snack Express, Bosch cafe, Engineering cafe, Mallet St Cafe, Music Cafe, Music Bistro","Vitasoy original (201ml), coffee espresso (30ml), beverage base, chocolate flavour (25.2g)",257,930,222,9.5,7.8,2.4,28.9,20,,163,>70,48,low,14,362,87,3.7,3.1,0.9,11.3,7.8,,64,>27,48,low,5
,Mocha soy milk large,Foodworks 2009,"Manning Grill, Manning Kiosk, Carslaw Cafe cart, Fisher coffee cart, Courtyard Cafe, Footridge Station, Snack Express, Bosch cafe, Engineering cafe, Mallet St Cafe, Music Cafe, Music Bistro","Vitasoy original (245ml), coffee espresso (90ml), beverage base, chocolate flavour (25.2g)",346,1055,252,11.1,9.3,2.7,31.6,21.5,,197.8,>72,48,low,15,292,70,3.1,2.6,0.7,8.7,6,,54.8,>20,48,low,4
,Flat white regular milk small,Foodworks 2009,"Manning Grill, Manning Kiosk, Carslaw Cafe cart, Fisher coffee cart, Courtyard Cafe, Footridge Station, Snack Express, Bosch cafe, Engineering cafe, Mallet St Cafe, Music Cafe, Music Bistro","milk (201ml), coffee, espresso (30ml)",237,539,129,7.1,5.7,3.8,12.7,12.2,,83,212,31,low,4,227,54,3,2.4,1.6,5.3,5.2,,35,89,31,low,2
,Mocha regular milk small,Foodworks 2009,"Manning Grill, Manning Kiosk, Carslaw Cafe cart, Fisher coffee cart, Courtyard Cafe, Footridge Station, Snack Express, Bosch cafe, Engineering cafe, Mallet St Cafe, Music Cafe, Music Bistro","milk (201ml), coffee, espresso (30ml), beverage, drinking chocolate from chocolate powder (25.2g)",263,933,223,8.5,6.9,4.5,32.9,30.9,,123,222,43,low,14,355,85,3.2,2.6,1.7,12.5,11.8,,47,85,43,low,5
,Mocha regular milk large,Foodworks 2009,"Manning Grill, Manning Kiosk, Carslaw Cafe cart, Fisher coffee cart, Courtyard Cafe, Footridge Station, Snack Express, Bosch cafe, Engineering cafe, Mallet St Cafe, Music Cafe, Music Bistro","milk (245ml), coffee espresso (90ml) beverage, drinking chocolate from chocolate powder (25.2g)",368,1056,252,10.1,8.2,5.4,35.6,33.6,,149,270,42,low,15,287,68,2.7,2.2,1.5,9.7,9.1,,40,73,42,low,4
,Coffee long black small,Foodworks 2009,"Manning Grill, Manning Kiosk, Carslaw Cafe cart, Fisher coffee cart, Courtyard Cafe, Footridge Station, Snack Express, Bosch cafe, Engineering cafe, Mallet St Cafe, Music Cafe, Music Bistro",coffee espresso (30ml),30,1,0,0,0,0,0,0,,1,1,,,,3,1,0.1,0,0,0.1,0.1,,2,3,,,
,Coffee long black large,Foodworks 2009,"Manning Grill, Manning Kiosk, Carslaw Cafe cart, Fisher coffee cart, Courtyard Cafe, Footridge Station, Snack Express, Bosch cafe, Engineering cafe, Mallet St Cafe, Music Cafe, Music Bistro",coffee long black (343 ml),346,10,2,0.4,0,0,0.4,0.4,,7,10,,,,3,1,0.1,0,0,0.1,0.1,,2,3,,,
,,,,,,,,,,,,,,,,,,,,,,,,,,,,,,,
Sandwiches,Cheese and Tomato Sandwich,Nutritional Information from the manufacturer,"Manning Grill, Manning Kiosk, Carslaw Cafe cart, Fisher coffee cart, Courtyard Cafe, Footridge Station, Snack Express, Bosch cafe, Engineering cafe, Mallet St Cafe, Music Cafe, Music Bistro",cheese and tomato on white bread with margarine,,1012.53,,10.37,9.93,1.91,25.92,3.77,,149.11,,,,,955.2,,9.79,9.37,1.8,25.92,3.56,,140.67,,,,
,Chicken and Mayo Sandwich,Nutritional Information from the manufacturer,"Manning Grill, Manning Kiosk, Carslaw Cafe cart, Fisher coffee cart, Courtyard Cafe, Footridge Station, Snack Express, Bosch cafe, Engineering cafe, Mallet St Cafe, Music Cafe, Music Bistro",chicken and mayo on white bread with margarine,,1356.43,,12.63,10.93,1.91,42.65,5.06,,149.11,,,,,915.94,,8.59,7.43,1.3,29.01,3.44,,101.44,,,,
,Egg Mayo and Lettuce Sandwich,Nutritional Information from the manufacturer,"Manning Grill, Manning Kiosk, Carslaw Cafe cart, Fisher coffee cart, Courtyard Cafe, Footridge Station, Snack Express, Bosch cafe, Engineering cafe, Mallet St Cafe, Music Cafe, Music Bistro","egg, lettuce and mayo on white bread with margarine",,1012.53,,10.37,9.93,1.91,27.47,3.77,,149.11,,,,,865.41,,8.87,8.49,1.63,23.48,3.22,,127.44,,,,
,Ham and Cheese Sandwich,Nutritional Information from the manufacturer,"Manning Grill, Manning Kiosk, Carslaw Cafe cart, Fisher coffee cart, Courtyard Cafe, Footridge Station, Snack Express, Bosch cafe, Engineering cafe, Mallet St Cafe, Music Cafe, Music Bistro",ham and cheese on white bread with margarine,,1412.8,,18.6,10.54,5.14,40.34,2.09,,1097.1,,,,,941.87,,12.4,7.03,3.43,26.89,1.39,,731.4,,,,
,Chicken and Lettuce Sandwich,Nutritional Information from the manufacturer,"Manning Grill, Manning Kiosk, Carslaw Cafe cart, Fisher coffee cart, Courtyard Cafe, Footridge Station, Snack Express, Bosch cafe, Engineering cafe, Mallet St Cafe, Music Cafe, Music Bistro",chicken lettuce and mayo on white bread with margarine,,1706.05,,18.22,17.91,3.76,41.78,2.63,,573.89,,,,,1137.37,,12.14,11.94,2.5,27.86,1.75,,382.59,,,,
,Ham and Coleslaw Sandwich,Nutritional Information from the manufacturer,"Manning Grill, Manning Kiosk, Carslaw Cafe cart, Fisher coffee cart, Courtyard Cafe, Footridge Station, Snack Express, Bosch cafe, Engineering cafe, Mallet St Cafe, Music Cafe, Music Bistro",ham and coleslaw on white bread with margarine,,1402.65,,15.54,11.16,1.8,41.31,2.94,,1156,,,,,904.94,,9.97,7.2,1.16,26.65,1.9,,745.81,,,,
,Tuna and Mayo Sandwich,Nutritional Information from the manufacturer,"Manning Grill, Manning Kiosk, Carslaw Cafe cart, Fisher coffee cart, Courtyard Cafe, Footridge Station, Snack Express, Bosch cafe, Engineering cafe, Mallet St Cafe, Music Cafe, Music Bistro","tuna, mayo with margarine on bread",,1218.01,,17.43,4.1,1.12,43.62,3.24,,510.15,,,,,692.05,,9.9,2.33,0.63,24.78,1.84,,289.86,,,,
,Cheese Salad White Sandwich,Nutritional Information from the manufacturer,"Manning Grill, Manning Kiosk, Carslaw Cafe cart, Fisher coffee cart, Courtyard Cafe, Footridge Station, Snack Express, Bosch cafe, Engineering cafe, Mallet St Cafe, Music Cafe, Music Bistro","cheese, tomato, cucumber, lettuce and carrot on white bread with margarine",,1242.6,,14.2,9.43,4.66,35.28,3.23,,492.04,,,,,748.55,,8.56,5.68,2.81,21.25,1.95,,347.41,,,,
,Egg Mayo and Lettuce Wholemeal Sandwich,Nutritional Information from the manufacturer,"Manning Grill, Manning Kiosk, Carslaw Cafe cart, Fisher coffee cart, Courtyard Cafe, Footridge Station, Snack Express, Bosch cafe, Engineering cafe, Mallet St Cafe, Music Cafe, Music Bistro","egg, lettuce and mayo on brown bread with margarine",,1012.53,,10.37,9.93,1.91,27.47,3.77,,149.11,,,,,855.41,,8.87,8.49,1.63,23.48,3.22,,127.44,,,,
,Ham and Cheese Brown Sandwich,Nutritional Information from the manufacturer,"Manning Grill, Manning Kiosk, Carslaw Cafe cart, Fisher coffee cart, Courtyard Cafe, Footridge Station, Snack Express, Bosch cafe, Engineering cafe, Mallet St Cafe, Music Cafe, Music Bistro",ham and cheese on wholemeal bread with margarine,,1412.8,,18.6,10.54,5.14,40.34,2.09,,1097.1,,,,,941.87,,12.4,7.03,3.43,26.89,1.39,,731.4,,,,
,Chicken and Mayo Wholemeal Sandwich,Nutritional Information from the manufacturer,"Manning Grill, Manning Kiosk, Carslaw Cafe cart, Fisher coffee cart, Courtyard Cafe, Footridge Station, Snack Express, Bosch cafe, Engineering cafe, Mallet St Cafe, Music Cafe, Music Bistro",chicken and mayo on brown bread with margarine,,1356.43,,12.63,10.93,1.91,42.65,5.06,,149.11,,,,,915.94,,8.59,7.43,1.3,29.01,3.44,,101.44,,,,
,Salmon Tomato and Onion Sandwich on Brown,Nutritional Information from the manufacturer,"Manning Grill, Manning Kiosk, Carslaw Cafe cart, Fisher coffee cart, Courtyard Cafe, Footridge Station, Snack Express, Bosch cafe, Engineering cafe, Mallet St Cafe, Music Cafe, Music Bistro","salmon, tomato and onion on brown bread with margarine",,1119.08,,15.93,4.73,0.95,36.62,2.71,,638.81,,,,,766.49,,10.91,3.24,0.65,25.08,1.86,,437.54,,,,
,Salmon Tomato and Onion Sandwich on White,Nutritional Information from the manufacturer,"Manning Grill, Manning Kiosk, Carslaw Cafe cart, Fisher coffee cart, Courtyard Cafe, Footridge Station, Snack Express, Bosch cafe, Engineering cafe, Mallet St Cafe, Music Cafe, Music Bistro","salmon, tomato and onion on white bread with margarine",,1117.18,,14.79,4.44,0.95,43.17,2.71,,660.66,,,,,804.23,,10.13,3.04,0.65,29.57,1.86,,452.51,,,,
,Tuna and Mayo Wholemeal Sandwich,Nutritional Information from the manufacturer,"Manning Grill, Manning Kiosk, Carslaw Cafe cart, Fisher coffee cart, Courtyard Cafe, Footridge Station, Snack Express, Bosch cafe, Engineering cafe, Mallet St Cafe, Music Cafe, Music Bistro",tuna and mayo with margarine on brown bread,,1466.18,,19.12,12.63,1.88,36.73,2.76,,703.9,,,,,997.4,,13.01,8.59,1.28,24.98,1.88,,478.84,,,,
,Roast Beef Salad Sandwich,Nutritional Information from the manufacturer,"Manning Grill, Manning Kiosk, Carslaw Cafe cart, Fisher coffee cart, Courtyard Cafe, Footridge Station, Snack Express, Bosch cafe, Engineering cafe, Mallet St Cafe, Music Cafe, Music Bistro","roast beed, carrot, lettuce cucumber, tomato on white bread with margarine",,1218.01,,17.43,4.1,1.12,43.62,3.24,,510.15,,,,,692.05,,9.9,2.33,0.63,24.78,1.84,,289.86,,,,
,Salad Brown Sandwich,Nutritional Information from the manufacturer,"Manning Grill, Manning Kiosk, Carslaw Cafe cart, Fisher coffee cart, Courtyard Cafe, Footridge Station, Snack Express, Bosch cafe, Engineering cafe, Mallet St Cafe, Music Cafe, Music Bistro","lettuce, carrot, tomato, cucumber and alfa alfa on brown bread with margarine",,959.57,,9.68,2.83,0.38,37.31,3.48,,470.19,,,,,623.1,,6.29,1.84,0.25,24.23,2.26,,305.32,,,,
,Salad White Sandwich,Nutritional Information from the manufacturer,"Manning Grill, Manning Kiosk, Carslaw Cafe cart, Fisher coffee cart, Courtyard Cafe, Footridge Station, Snack Express, Bosch cafe, Engineering cafe, Mallet St Cafe, Music Cafe, Music Bistro","lettuce, carrot, tomato, cucumber and alfa alfa on white bread with margarine",,1014.67,,8.54,2.55,0.38,43.87,3.48,,492.04,,,,,658.88,,5.55,1.66,0.25,28.48,2.26,,319.51,,,,
,Cheese Salad Brown Sandwich,Nutritional Information from the manufacturer,"Manning Grill, Manning Kiosk, Carslaw Cafe cart, Fisher coffee cart, Courtyard Cafe, Footridge Station, Snack Express, Bosch cafe, Engineering cafe, Mallet St Cafe, Music Cafe, Music Bistro","cheese, tomato, cucumber, lettuce and carrot on brown bread with margarine",,1242.6,,14.2,9.43,4.66,35.28,3.23,,576.7,,,,,748.55,,8.56,5.68,2.81,21.25,1.95,,347.41,,,,
,Ham Cheese Tomato Sandwich,Nutritional Information from the manufacturer,"Manning Grill, Manning Kiosk, Carslaw Cafe cart, Fisher coffee cart, Courtyard Cafe, Footridge Station, Snack Express, Bosch cafe, Engineering cafe, Mallet St Cafe, Music Cafe, Music Bistro",ham cheese tomato on white bread with margarine,,1453.46,,20.38,10.56,5.18,40.76,2.51,,1222.42,,,,,845.03,,11.85,6.14,3.01,23.7,1.46,,710.71,,,,
,Corned Beef Pickled Sandwich,Nutritional Information from the manufacturer,"Manning Grill, Manning Kiosk, Carslaw Cafe cart, Fisher coffee cart, Courtyard Cafe, Footridge Station, Snack Express, Bosch cafe, Engineering cafe, Mallet St Cafe, Music Cafe, Music Bistro",corned beef w/sweet mustard on white bread with margarine,,1227.4,,15.73,5.19,1.58,43.82,5.01,,1104.1,,,,,791.87,,10.15,3.35,1.02,28.27,3.23,,712.32,,,,
,Curried egg lettuce sandwich,Nutritional Information from the manufacturer,"Manning Grill, Manning Kiosk, Carslaw Cafe cart, Fisher coffee cart, Courtyard Cafe, Footridge Station, Snack Express, Bosch cafe, Engineering cafe, Mallet St Cafe, Music Cafe, Music Bistro",curried egg and lettuce on white bread with margarine,,1592.85,,15.17,16.34,2.99,41.61,2.88,,548.8,,,,,995.53,,9.48,10.21,1.87,26.01,1.8,,365.5,,,,
,Roast Beef and Chutney Sandwich,Nutritional Information from the manufacturer,"Manning Grill, Manning Kiosk, Carslaw Cafe cart, Fisher coffee cart, Courtyard Cafe, Footridge Station, Snack Express, Bosch cafe, Engineering cafe, Mallet St Cafe, Music Cafe, Music Bistro",roast beef and chutney on white bread with margarine,,1265.8,,19.25,4.41,1.31,44.17,5.67,,551.85,,,,,872.97,,13.28,3.04,0.9,30.46,3.91,,380.97,,,,
,Corned Beef Salad Sandwich,Nutritional Information from the manufacturer,"Manning Grill, Manning Kiosk, Carslaw Cafe cart, Fisher coffee cart, Courtyard Cafe, Footridge Station, Snack Express, Bosch cafe, Engineering cafe, Mallet St Cafe, Music Cafe, Music Bistro","corned beef ,carrot, tomato cucumber and lettuce on brown bread with margarine",,1084.3,,15.25,4.79,1.31,35.07,3.02,,851.1,,,,,634.09,,8.92,2.8,0.76,20.51,1.77,,497.72,,,,
,Sweet Chilli Chicken and Lettuce Sandwich,Nutritional Information from the manufacturer,"Manning Grill, Manning Kiosk, Carslaw Cafe cart, Fisher coffee cart, Courtyard Cafe, Footridge Station, Snack Express, Bosch cafe, Engineering cafe, Mallet St Cafe, Music Cafe, Music Bistro",chicken mayo sweet chilli sauce and lettuce with margarine on helgas bread,,1489.23,,20.42,11.49,3.08,40.64,2.73,,506.71,,,,,948.55,,13.01,7.32,1.96,25.89,1.74,,322.75,,,,
,Chicken Lettuce and Mayo Sandwich,Nutritional Information from the manufacturer,"Manning Grill, Manning Kiosk, Carslaw Cafe cart, Fisher coffee cart, Courtyard Cafe, Footridge Station, Snack Express, Bosch cafe, Engineering cafe, Mallet St Cafe, Music Cafe, Music Bistro",chicken mayo and butter lettuce with margarine on helgas bread,,1770.8,,20.52,18.85,4,40.26,2.42,,546.9,,,,,1106.75,,12.83,11.78,2.5,25.16,1.51,,341.81,,,,
,Shaved Ham Salad Sandwich,Nutritional Information from the manufacturer,"Manning Grill, Manning Kiosk, Carslaw Cafe cart, Fisher coffee cart, Courtyard Cafe, Footridge Station, Snack Express, Bosch cafe, Engineering cafe, Mallet St Cafe, Music Cafe, Music Bistro","ham, lettuce, tomato, cucumber, carrot and margarine on helgas bread",,1196.52,,17.8,4.33,0.97,40.59,2.87,,1156.39,,,,,633.08,,9.42,2.29,0.51,21.48,1.52,,611.85,,,,
,Tuna cucumber spanish onion and lettuce Sandwich,Nutritional Information from the manufacturer,"Manning Grill, Manning Kiosk, Carslaw Cafe cart, Fisher coffee cart, Courtyard Cafe, Footridge Station, Snack Express, Bosch cafe, Engineering cafe, Mallet St Cafe, Music Cafe, Music Bistro",tuna cucumber spanish onion lettuce and mayo with margarine on helgas bread,,1194.26,,19.16,3.73,0.78,40.53,2.63,,609.12,,,,,715.13,,11.47,2.23,0.47,24.27,1.58,,364.74,,,,
,Cheese and Garden Salad Sandwich,Nutritional Information from the manufacturer,"Manning Grill, Manning Kiosk, Carslaw Cafe cart, Fisher coffee cart, Courtyard Cafe, Footridge Station, Snack Express, Bosch cafe, Engineering cafe, Mallet St Cafe, Music Cafe, Music Bistro","cheese, cucumber, tomato, lettuce carrot with margarine on helgas bread",,1335.77,,14.52,9.48,4.68,40.8,3.08,,576.99,,,,,767.68,,8.34,5.45,2.69,23.45,1.77,,331.6,,,,
,Egg Lettuce and Cucumber Sandwich,Nutritional Information from the manufacturer,"Manning Grill, Manning Kiosk, Carslaw Cafe cart, Fisher coffee cart, Courtyard Cafe, Footridge Station, Snack Express, Bosch cafe, Engineering cafe, Mallet St Cafe, Music Cafe, Music Bistro",egg lettuce and cucumber with margarine on helgas bread,,1573.16,,15.75,15.49,2.95,40.66,2.82,,566.82,,,,,888.79,,8.9,8.75,1.67,22.97,1.59,,320.24,,,,
,Garden Salad and Caeser dressing Sandwich,Nutritional Information from the manufacturer,"Manning Grill, Manning Kiosk, Carslaw Cafe cart, Fisher coffee cart, Courtyard Cafe, Footridge Station, Snack Express, Bosch cafe, Engineering cafe, Mallet St Cafe, Music Cafe, Music Bistro","lettuce, carrot, tomato, cucumber and caeser dressing with margarine on helgas bread",,1540.67,,14.13,15.17,5.37,40.62,2.89,,578.39,,,,,835.44,,8.29,8.72,3.09,23.34,1.66,,332.41,,,,
,Chicken Cheese Avacado Baby Spinach Sandwich,Nutritional Information from the manufacturer,"Manning Grill, Manning Kiosk, Carslaw Cafe cart, Fisher coffee cart, Courtyard Cafe, Footridge Station, Snack Express, Bosch cafe, Engineering cafe, Mallet St Cafe, Music Cafe, Music Bistro","chicken, cheese, avacado and baby spinach with margarine on helgas bread",,1534.05,,19.33,12.89,3.18,40.57,2.29,,525.05,,,,,989.71,,12.47,8.31,2.05,26.17,1.47,,338.74,,,,
,Chicken and Salad Sandwich,Nutritional Information from the manufacturer,"Manning Grill, Manning Kiosk, Carslaw Cafe cart, Fisher coffee cart, Courtyard Cafe, Footridge Station, Snack Express, Bosch cafe, Engineering cafe, Mallet St Cafe, Music Cafe, Music Bistro","chicken, lettuce, tomato, cucumber, carrot and mayo on helgas bread with margarine",,1756.92,,19.43,18.02,3.61,42.19,3.77,,594.14,,,,,905.63,,10.02,9.29,1.86,21.74,1.94,,306.26,,,,
,Egg Salad Sandwich,Nutritional Information from the manufacturer,"Manning Grill, Manning Kiosk, Carslaw Cafe cart, Fisher coffee cart, Courtyard Cafe, Footridge Station, Snack Express, Bosch cafe, Engineering cafe, Mallet St Cafe, Music Cafe, Music Bistro","egg, lettuce, mayo, cucumber, tomato, carrot and margarine on helgas bread",,1610.22,,15.87,15.63,2.86,42.34,3.92,,619.44,,,,,789.32,,7.78,7.66,1.4,20.75,1.92,,302.18,,,,
,Chicken BLT Sandwich,Nutritional Information from the manufacturer,"Manning Grill, Manning Kiosk, Carslaw Cafe cart, Fisher coffee cart, Courtyard Cafe, Footridge Station, Snack Express, Bosch cafe, Engineering cafe, Mallet St Cafe, Music Cafe, Music Bistro","chicken, bacon, lettuce, and tomato with margarine on helgas bread",,2005.64,,27.2,21.79,5.1,40.86,3.03,,991.88,,,,,983.16,,13.33,10.68,2.5,20.03,1.48,,486.22,,,,
,Cheese Salad Long Roll,Nutritional Information from the manufacturer,"Manning Grill, Manning Kiosk, Carslaw Cafe cart, Fisher coffee cart, Courtyard Cafe, Footridge Station, Snack Express, Bosch cafe, Engineering cafe, Mallet St Cafe, Music Cafe, Music Bistro","cheese, tomato, cucumber, lettuce and carrot on long roll with margarine",,1575.15,,14.7,11.13,5.21,51.68,5.12,,694.09,,,,,894.97,,8.35,6.32,2.96,29.36,2.91,,394.37,,,,
,Ham Salad Long Roll,Nutritional Information from the manufacturer,"Manning Grill, Manning Kiosk, Carslaw Cafe cart, Fisher coffee cart, Courtyard Cafe, Footridge Station, Snack Express, Bosch cafe, Engineering cafe, Mallet St Cafe, Music Cafe, Music Bistro","ham, tomato, cucumber, lettuce on long roll with margarine",,1470.17,,20.29,5.84,1.26,51.47,4.91,,1497.39,,,,,720.67,,9.95,2.86,0.62,25.23,2.4,,734.01,,,,
,Chicken Lettuce Long Roll,Nutritional Information from the manufacturer,"Manning Grill, Manning Kiosk, Carslaw Cafe cart, Fisher coffee cart, Courtyard Cafe, Footridge Station, Snack Express, Bosch cafe, Engineering cafe, Mallet St Cafe, Music Cafe, Music Bistro","chicken, lettuce and mayo on long roll with margarine",,1976.5,,20.19,19.82,4.1,51.13,4.46,,650.9,,,,,1235.3,,12.62,12.39,2.56,31.96,2.79,,406.81,,,,
,Roast Beef Salad Long Roll,Nutritional Information from the manufacturer,"Manning Grill, Manning Kiosk, Carslaw Cafe cart, Fisher coffee cart, Courtyard Cafe, Footridge Station, Snack Express, Bosch cafe, Engineering cafe, Mallet St Cafe, Music Cafe, Music Bistro","roast beef, lettuce, tomato, cucumber w/margarine on long roll",,1624.91,,26.13,7.39,2.16,51.41,4.85,,584.85,,,,,808.41,,13,3.68,1.07,25.58,2.41,,290.97,,,,
,Ham Cheese Foccacia,Nutritional Information from the manufacturer,"Manning Grill, Manning Kiosk, Carslaw Cafe cart, Fisher coffee cart, Courtyard Cafe, Footridge Station, Snack Express, Bosch cafe, Engineering cafe, Mallet St Cafe, Music Cafe, Music Bistro",ham cheese and margarine on foccacia,,1090.48,,17.49,10.89,5.58,22.37,1.22,,1077.1,,,,,893.84,,14.33,8.92,4.57,18.34,1,,882.87,,,,
,Ham Cheese Tomato Foccacia,Nutritional Information from the manufacturer,"Manning Grill, Manning Kiosk, Carslaw Cafe cart, Fisher coffee cart, Courtyard Cafe, Footridge Station, Snack Express, Bosch cafe, Engineering cafe, Mallet St Cafe, Music Cafe, Music Bistro",ham cheese tomato on foccacia,,1104.34,,17.71,10.91,5.58,22.79,1.64,,1078.42,,,,,766.9,,12.3,7.57,3.88,15.83,1.14,,748.9,,,,
,Roasted Veg Foccacia,Nutritional Information from the manufacturer,"Manning Grill, Manning Kiosk, Carslaw Cafe cart, Fisher coffee cart, Courtyard Cafe, Footridge Station, Snack Express, Bosch cafe, Engineering cafe, Mallet St Cafe, Music Cafe, Music Bistro","roasted cap, eggplant, pesto, cheese, olives and lettuce on foccacia bread",,1129.32,,11.99,12.86,5.81,24.9,2.93,,489.9,,,,,784.25,,8.33,8.93,4.03,17.29,2.03,,340.21,,,,
,Ham Cheese Tomato Turkish,Nutritional Information from the manufacturer,"Manning Grill, Manning Kiosk, Carslaw Cafe cart, Fisher coffee cart, Courtyard Cafe, Footridge Station, Snack Express, Bosch cafe, Engineering cafe, Mallet St Cafe, Music Cafe, Music Bistro",ham cheese and tomato on turkish bread,,1597.34,,13.26,12.26,5.33,46.44,0.44,,780.42,,,,,823.37,,6.83,6.32,2.75,23.94,0.23,,402.28,,,,
,Ham and Cheese Turkish,Nutritional Information from the manufacturer,"Manning Grill, Manning Kiosk, Carslaw Cafe cart, Fisher coffee cart, Courtyard Cafe, Footridge Station, Snack Express, Bosch cafe, Engineering cafe, Mallet St Cafe, Music Cafe, Music Bistro",ham and cheese on turkish bread,,1583.48,,13.04,12.24,5.33,46.02,0.02,,779.1,,,,,920.83,,7.58,7.11,3.1,26.76,0.01,,452.97,,,,
,Sweet Chilli Chicken and Cheese Turkish,Nutritional Information from the manufacturer,"Manning Grill, Manning Kiosk, Carslaw Cafe cart, Fisher coffee cart, Courtyard Cafe, Footridge Station, Snack Express, Bosch cafe, Engineering cafe, Mallet St Cafe, Music Cafe, Music Bistro","chicken, cheese, sweet chilli sauce on turkish bread",,1912.98,,15.84,19.15,7.38,47.67,0.02,,187.1,,,,,1022.98,,8.47,10.24,3.95,25.49,0.01,,100.05,,,,
,Roasted Veg Turkish,Nutritional Information from the manufacturer,"Manning Grill, Manning Kiosk, Carslaw Cafe cart, Fisher coffee cart, Courtyard Cafe, Footridge Station, Snack Express, Bosch cafe, Engineering cafe, Mallet St Cafe, Music Cafe, Music Bistro","roasted cap, eggplant, pesto, cheese, olives and lettuce on turkish bread",,1622.32,,7.54,14.21,5.56,48.55,1.73,,191.9,,,,,836.25,,3.89,7.32,2.86,25.02,0.89,,98.92,,,,
,Ham Wrap,Nutritional Information from the manufacturer,"Manning Grill, Manning Kiosk, Carslaw Cafe cart, Fisher coffee cart, Courtyard Cafe, Footridge Station, Snack Express, Bosch cafe, Engineering cafe, Mallet St Cafe, Music Cafe, Music Bistro","ham, carrot, cheese, cucumber lettuce with margarine on tortilla bread",,397.36,,10.24,2.54,0.65,6.23,2.01,,805.48,,,,,240.82,,6.2,1.54,0.39,3.78,1.22,,488.17,,,,
,Turkey Bacon and Baby Spinach Wrap,Nutritional Information from the manufacturer,"Manning Grill, Manning Kiosk, Carslaw Cafe cart, Fisher coffee cart, Courtyard Cafe, Footridge Station, Snack Express, Bosch cafe, Engineering cafe, Mallet St Cafe, Music Cafe, Music Bistro","turkey, bacon, cream cheese and cranberry sauce with margarine on tortilla",,813.9,,11.8,13.36,6.75,5.81,1.44,,650.2,,,,,542.6,,7.87,8.9,4.5,3.88,0.96,,433.47,,,,
,BLT wrap,Nutritional Information from the manufacturer,"Manning Grill, Manning Kiosk, Carslaw Cafe cart, Fisher coffee cart, Courtyard Cafe, Footridge Station, Snack Express, Bosch cafe, Engineering cafe, Mallet St Cafe, Music Cafe, Music Bistro","bacon, lettuce, tomato and mayo with margarine on tortilla bread",,1162.69,,18.09,19.62,4.35,6.51,2.13,,1297.89,,,,,780.33,,12.14,13.17,2.92,4.37,1.43,,871.07,,,,
,Chilli Chicken Wrap,Nutritional Information from the manufacturer,"Manning Grill, Manning Kiosk, Carslaw Cafe cart, Fisher coffee cart, Courtyard Cafe, Footridge Station, Snack Express, Bosch cafe, Engineering cafe, Mallet St Cafe, Music Cafe, Music Bistro","chicken, sweet chill sauce, lettuce with margarine on tortilla bread",,1070.2,,20.67,16.37,4.8,5.75,1.25,,106.9,,,,,738.07,,14.26,11.29,3.31,3.37,0.86,,73.72,,,,
,Chicken Caeser Wrap,Nutritional Information from the manufacturer,"Manning Grill, Manning Kiosk, Carslaw Cafe cart, Fisher coffee cart, Courtyard Cafe, Footridge Station, Snack Express, Bosch cafe, Engineering cafe, Mallet St Cafe, Music Cafe, Music Bistro","chicken, bacon, parmason, caeser dressing and lettuce with margarine on tortilla bread",,1649.05,,23.39,30.21,6.99,6.82,0.71,,444.54,,,,,993.4,,14.09,18.2,4.21,4.11,0.43,,267.8,,,,
,Cheese Salad and Tortilla Wrap,Nutritional Information from the manufacturer,"Manning Grill, Manning Kiosk, Carslaw Cafe cart, Fisher coffee cart, Courtyard Cafe, Footridge Station, Snack Express, Bosch cafe, Engineering cafe, Mallet St Cafe, Music Cafe, Music Bistro","lettuce, carrot, cucumber tasty cheese with margarine on tortilla/lebanese bread",,956.36,,8.46,18.22,7.37,6.77,2.43,,274.58,,,,,637.57,,5.64,12.15,4.91,4.52,1.62,,183.05,,,,
,Chicken Lettuce Wrap,Nutritional Information from the manufacturer,"Manning Grill, Manning Kiosk, Carslaw Cafe cart, Fisher coffee cart, Courtyard Cafe, Footridge Station, Snack Express, Bosch cafe, Engineering cafe, Mallet St Cafe, Music Cafe, Music Bistro","chicken, lettuce mayo w/margarine on tortilla wrap",,1621,,20.81,31.08,6.64,5.84,1.41,,209.9,,,,,1045.81,,13.43,20.05,4.28,3.77,0.91,,135.42,,,,
,Chicken Schnitzel wrap,Nutritional Information from the manufacturer,"Manning Grill, Manning Kiosk, Carslaw Cafe cart, Fisher coffee cart, Courtyard Cafe, Footridge Station, Snack Express, Bosch cafe, Engineering cafe, Mallet St Cafe, Music Cafe, Music Bistro","chicken schnitzel, lettuce, sweet chill sauce on tortilla bread with margarine",,2140,,37.4,14.3,3.4,56,4.9,,713,,,,,953,,16.6,6.4,1.5,24.9,2.2,,317,,,,
,Meatball Wrap,Nutritional Information from the manufacturer,"Manning Grill, Manning Kiosk, Carslaw Cafe cart, Fisher coffee cart, Courtyard Cafe, Footridge Station, Snack Express, Bosch cafe, Engineering cafe, Mallet St Cafe, Music Cafe, Music Bistro","meatballs, lettuce, tasty cheese w/chilli sauce on tortilla bread w/margarine",,2350,,12.4,11,3.6,55.2,4.9,,758,,,,,1080,,5.7,5.1,1.7,25.4,2.3,,350,,,,
,Falafel Wrap,Nutritional Information from the manufacturer,"Manning Grill, Manning Kiosk, Carslaw Cafe cart, Fisher coffee cart, Courtyard Cafe, Footridge Station, Snack Express, Bosch cafe, Engineering cafe, Mallet St Cafe, Music Cafe, Music Bistro",falafel tomato hommus cucumber and lettuce margarine on tortilla bread,,1070.2,,20.67,16.37,4.8,50.7,1.25,,106.9,,,,,738.07,,14.26,11.29,3.31,30.7,0.86,,73.72,,,,
,Salami supreme turkish,Nutritional Information from the manufacturer,"Manning Grill, Manning Kiosk, Carslaw Cafe cart, Fisher coffee cart, Courtyard Cafe, Footridge Station, Snack Express, Bosch cafe, Engineering cafe, Mallet St Cafe, Music Cafe, Music Bistro",,,1012.53,,10.37,9.93,1.91,27.47,3.77,,149.11,,,,,955.22,,9.79,9.37,1.8,25.92,3.56,,140.67,,,,
,Roast Beef supreme turkish,Nutritional Information from the manufacturer,"Manning Grill, Manning Kiosk, Carslaw Cafe cart, Fisher coffee cart, Courtyard Cafe, Footridge Station, Snack Express, Bosch cafe, Engineering cafe, Mallet St Cafe, Music Cafe, Music Bistro","roast beef, spanish onion, chilli sauce, cheese and tomato on turkish bread",,1410,,24.2,6.8,2.9,42.4,4.1,,499,,,,,858,,14.7,4.2,1.8,25.9,2.5,,304,,,,
,Chicken Schnitzel turkish,Nutritional Information from the manufacturer,"Manning Grill, Manning Kiosk, Carslaw Cafe cart, Fisher coffee cart, Courtyard Cafe, Footridge Station, Snack Express, Bosch cafe, Engineering cafe, Mallet St Cafe, Music Cafe, Music Bistro","chicken schnitzel, lettuce, mayonnaise on turkish bread",,2170,,46,9,2.4,60.2,5,,884,,,,,809,,17.2,3.4,0.7,22.5,1.8,,330,,,,
,Ham Cheese Croissant,Nutritional Information from the manufacturer,"Manning Grill, Manning Kiosk, Carslaw Cafe cart, Fisher coffee cart, Courtyard Cafe, Footridge Station, Snack Express, Bosch cafe, Engineering cafe, Mallet St Cafe, Music Cafe, Music Bistro",ham and cheese on croissant,,1412.8,,18.6,10.54,5.14,40.34,2.09,,1097.1,,,,,941.87,,12.4,7.03,3.43,26.89,1.39,,731.4,,,,
,Chicken and Cheese Avocado Turkish,Nutritional Information from the manufacturer,"Manning Grill, Manning Kiosk, Carslaw Cafe cart, Fisher coffee cart, Courtyard Cafe, Footridge Station, Snack Express, Bosch cafe, Engineering cafe, Mallet St Cafe, Music Cafe, Music Bistro",,,1770.8,,20.52,18.85,4,40.26,2.42,,546.9,,,,,1106.75,,12.83,11.78,2.5,25.16,1.51,,341.81,,,,
,,,,,,,,,,,,,,,,,,,,,,,,,,,,,,,
SubwayÂ® 6-inch Sandwiches with 6 grams of Fat or Less,Ham,Nutritional Information from the manufacturer,Subway,"Values include white or wheat bread, lettuce, tomatoes, onions, capsicum, pickles, olives and cheese.",209,1170,279,16.5,4.7,1.6,41.1,5.1,,1150,,,,,559.81,133.49,7.89,2.25,0.77,19.67,2.44,,550.24,,,,
,Roast Beef,Nutritional Information from the manufacturer,Subway,,208,1150,274,16.2,4.7,1.5,40.4,3.2,,1110,,,,,552.88,131.73,7.79,2.26,0.72,19.42,1.54,,533.65,,,,
,Roasted Chicken,Nutritional Information from the manufacturer,Subway,,223,1280,306,23.6,5.1,1.5,39.9,3.6,,708,,,,,573.99,137.22,10.58,2.29,0.67,17.89,1.61,,317.49,,,,
,Turkey,Nutritional Information from the manufacturer,Subway,,203,1160,276,15,5.6,1.7,40.1,3.5,,980,,,,,571.43,135.96,7.39,2.76,0.84,19.75,1.72,,482.76,,,,
,Turkey & Ham,Nutritional Information from the manufacturer,Subway,,207,1160,278,15.9,5.1,1.6,40.6,4.5,,1080,,,,,560.39,134.30,7.68,2.46,0.77,19.61,2.17,,521.74,,,,
,Subway Club,Nutritional Information from the manufacturer,Subway,,221,1210,290,17.9,5.4,1.7,41,4.2,,1230,,,,,547.51,131.22,8.10,2.44,0.77,18.55,1.90,,556.56,,,,
,Sweet Onion Chicken Teriyaki,Nutritional Information from the manufacturer,Subway,,266,1540,368,22.9,5.4,1.7,55.2,15.7,,1460,,,,,578.95,138.35,8.61,2.03,0.64,20.75,5.90,,548.87,,,,
,Veggie Delite,Nutritional Information from the manufacturer,Subway,,159,958,229,8.8,3.7,1.1,38.7,3.2,,545,,,,,602.52,144.03,5.53,2.33,0.69,24.34,2.01,,342.77,,,,
,,,,,,,,,,,,,,,,,,,,,,,,,,,,,,,
SubwayÂ® 6-inch Sandwiches,Cheese Steak,Nutritional Information from the manufacturer,Subway,"Values include white or wheat bread, lettuce, tomatoes, onions, capsicum, pickles, olives and cheese.",235,1510,360,20.5,11.5,5.9,41.2,3.9,,1110,,,,,642.55,153.19,8.72,4.89,2.51,17.53,1.66,,472.34,,,,
,Chicken & Bacon Ranch,Nutritional Information from the manufacturer,Subway,,276,1890,451,28.5,18.4,6,41.6,4.2,,1590,,,,,684.78,163.41,10.33,6.67,2.17,15.07,1.52,,576.09,,,,
,Chicken Fillet,Nutritional Information from the manufacturer,Subway,,231,1644,393,21.6,14.8,7.6,42,3.3,,1123,,,,,711.69,170.13,9.35,6.41,3.29,18.18,1.43,,486.15,,,,
,Chicken Parmigiana,Nutritional Information from the manufacturer,Subway,,296,1940,464,26.5,18.2,9.3,48,8.3,,1330,,,,,655.41,156.76,8.95,6.15,3.14,16.22,2.80,,449.32,,,,
,Chipotle Southwest Cheese Steak,Nutritional Information from the manufacturer,Subway,,256,1860,444,21.1,19.6,7.2,43.4,5.3,,1290,,,,,726.56,173.44,8.24,7.66,2.81,16.95,2.07,,503.91,,,,
,Italian BMTTM,Nutritional Information from the manufacturer,Subway,,228,1820,435,22.6,19.5,8.5,40.9,4.4,,1550,,,,,798.25,190.79,9.91,8.55,3.73,17.94,1.93,,679.82,,,,
,Meatball Marinara,Nutritional Information from the manufacturer,Subway,,331,2080,496,22.6,21.2,9.9,53.5,12.3,,1440,,,,,628.40,149.85,6.83,6.40,2.99,16.16,3.72,,435.05,,,,
,Spicy Italian,Nutritional Information from the manufacturer,Subway,,231,2120,508,25,27,11,41,4,,1640,,,,,685.95,164.46,8.31,6.94,2.15,16.69,1.49,,412.40,,,,
,Tuna,Nutritional Information from the manufacturer,Subway,,242,1660,398,20.1,16.8,5.2,40.4,3.6,,998,,,,,685.95,164.46,8.31,6.94,2.15,16.69,1.49,,412.40,,,,
,Subway Melt TM,Nutritional Information from the manufacturer,Subway,,238,1530,365,21.6,11.9,5.6,41.4,5.2,,1460,,,,,642.86,153.36,9.08,5.00,2.35,17.39,2.18,,613.45,,,,
,,,,,,,,,,,,,,,,,,,,,,,,,,,,,,,
Deli Style Sandwiches,Ham,Nutritional Information from the manufacturer,Subway,"Values include deli roll, lettuce, tomatoes, onions, capsicum, pickles and olives.",145,920,220,11.8,3.5,1.2,34.2,3.6,,718,,,,,634.48,151.72,8.14,2.41,0.83,23.59,2.48,,495.17,,,,
,Roast Beef,Nutritional Information from the manufacturer,Subway,,145,909,217,11.6,3.5,1.1,33.9,2.4,,694,,,,,626.90,149.66,8.00,2.41,0.76,23.38,1.66,,478.62,,,,
,Tuna (includes cheese),Nutritional Information from the manufacturer,Subway,,164,1240,297,14.2,11.3,4.2,33.8,2.7,,698,,,,,756.10,181.10,8.66,6.89,2.56,20.61,1.65,,425.61,,,,
,Turkey,Nutritional Information from the manufacturer,Subway,,142,913,218,10.9,4,1.2,33.7,2.6,,556,,,,,642.96,153.52,7.68,2.82,0.85,23.73,1.83,,391.55,,,,
Wraps,Chicken & Bacon Ranch (includes cheese),Nutritional Information from the manufacturer,Subway,"Values include wrap, lettuce, tomatoes, onions, capsicum, cucumbers and olives.",260,1890,453,40,23,8,9.8,2.4,,1840,,,,,726.92,174.23,15.38,8.85,3.08,3.77,0.92,,707.69,,,,
,Tuna (includes cheese),Nutritional Information from the manufacturer,Subway,,209,1450,347,26.4,17.9,4.7,8.4,1.6,,1300,,,,,693.78,166.03,12.63,8.56,2.25,4.02,0.77,,622.01,,,,
,Turkey,Nutritional Information from the manufacturer,Subway,,164,916,219,20.4,6.4,1.1,7.8,1.4,,1220,,,,,558.54,133.54,12.44,3.90,0.67,4.76,0.85,,743.90,,,,
,Turkey & Bacon Melt (w/ Chipotle Sauce),Nutritional Information from the manufacturer,Subway,,234,1850,442,31.9,25,8.8,11,3.9,,1674,,,,,790.60,188.89,13.63,10.68,3.76,4.70,1.67,,715.38,,,,
,,,,,,,,,,,,,,,,,,,,,,,,,,,,,,,
Salads,Roasted Chicken,Nutritional Information from the manufacturer,Subway,Values do not include salad dressing.,378,563,135,16.7,2.4,0.6,8.8,5.1,,531,,,,,148.94,35.71,4.42,0.63,0.16,2.33,1.35,,140.48,,,,
,Subway ClubTM,Nutritional Information from the manufacturer,Subway,,381,533,127,12.9,3.1,0.9,9.6,5.8,,759,,,,,139.90,33.33,3.39,0.81,0.24,2.52,1.52,,199.21,,,,
,Tuna,Nutritional Information from the manufacturer,Subway,,396,956,228,14.3,14.3,4.3,8.9,5.5,,532,,,,,241.41,57.58,3.61,3.61,1.09,2.25,1.39,,134.34,,,,
,Veggie DeliteTM,Nutritional Information from the manufacturer,Subway,,314,250,60,3,1.2,0.2,7.1,5.1,,79,,,,,79.62,19.11,0.96,0.38,0.06,2.26,1.62,,25.16,,,,
,,,,,,,,,,,,,,,,,,,,,,,,,,,,,,,
Cookies,Anzac,Nutritional Information from the manufacturer,Subway,,40,707,169,2.5,9.5,6.5,21.2,11.3,,81,,,,,1767.50,422.50,6.25,23.75,16.25,53.00,28.25,,202.50,,,,
,Double Chocolate Chip,Nutritional Information from the manufacturer,Subway,,37,689,165,2.2,7.7,5,21.4,8.2,,61,,,,,1862.16,445.95,5.95,20.81,13.51,57.84,22.16,,164.86,,,,
,M&M,Nutritional Information from the manufacturer,Subway,,40,711,170,2,7.4,4.8,24.4,11.9,,69,,,,,1777.50,425.00,5.00,18.50,12.00,61.00,29.75,,172.50,,,,
,Oat & Raisin,Nutritional Information from the manufacturer,Subway,,40,707,169,2,7.6,4.8,23.4,13.6,,71,,,,,1767.50,422.50,5.00,19.00,12.00,58.50,34.00,,177.50,,,,
,Peanut Butter,Nutritional Information from the manufacturer,Subway,,40,740,177,2.7,8.9,4.7,22.2,11.7,,29,,,,,1850.00,442.50,6.75,22.25,11.75,55.50,29.25,,72.50,,,,
,White Chip Macadamia Nut,Nutritional Information from the manufacturer,Subway,,37,860,206,0.9,12.9,6.7,21.5,13.5,,87,,,,,2324.32,556.76,2.43,34.86,18.11,58.11,36.49,,235.14,,,,
,,,,,,,,,,,,,,,,,,,,,,,,,,,,,,,
Breads,White Bread*,Nutritional Information from the manufacturer,Subway,,70,896,214,7.9,3.2,1.1,37.9,1.5,,364,,,,,1280.0,305.7,11.3,4.6,1.6,54.1,2.1,,520.0,,,,
,Wheat  Bread*,Nutritional Information from the manufacturer,Subway,,70,868,207,8.1,3.2,1,36,1.3,,385,,,,,1240.0,295.7,11.6,4.6,1.4,51.4,1.9,,550.0,,,,
,Parmesan Oregano Bread*,Nutritional Information from the manufacturer,Subway,,74,961,230,9.2,4.2,1.6,38.3,1.9,,398,,,,,1298.6,310.8,12.4,5.7,2.2,51.8,2.6,,537.8,,,,
,Honey Oat*,Nutritional Information from the manufacturer,Subway,,81,1050,251,9.6,4.1,1.1,43.6,5.7,,405,,,,,1296.3,309.9,11.9,5.1,1.4,53.8,7.0,,500.0,,,,
,Italian Herbs & Cheese*,Nutritional Information from the manufacturer,Subway,,81,1090,260,11.1,6.7,3.2,38.8,1.9,,447,,,,,1345.7,321.0,13.7,8.3,4.0,47.9,2.3,,551.9,,,,
,Deli Style Roll,Nutritional Information from the manufacturer,Subway,,60,744,178,6.9,2.6,0.8,31.3,1.3,,264,,,,,1240.0,296.7,11.5,4.3,1.3,52.2,2.2,,440.0,,,,
,Carb Conscious Wrap,Nutritional Information from the manufacturer,Subway,,70,690,165,14.6,4.5,0.5,5,0,,741,,,,,985.7,235.7,20.9,6.4,0.7,7.1,0.0,,1058.6,,,,
,,,,,,,,,,,,,,,,,,,,,,,,,,,,,,,
Sandwich & Salad Condiments (amount on SubwayÂ® 6-inch Sandwich),Bacon (2 strips),Nutritional Information from the manufacturer,Subway,,20,188,45,3.4,3.2,1.4,0.8,0.7,,184,,,,,940.0,225.0,17.0,16.0,7.0,4.0,3.5,,920.0,,,,
,Cheddar Cheese,Nutritional Information from the manufacturer,Subway,,11,177,42,2.3,3.7,2.6,0,0,,200,,,,,1609.1,381.8,20.9,33.6,23.6,0.0,0.0,,1818.2,,,,
,Honey Mustard Sauce (21 ml),Nutritional Information from the manufacturer,Subway,,21,141,34,0.3,0.3,0,7.4,6,,129,,,,,671.4,161.9,1.4,1.4,0.0,35.2,28.6,,614.3,,,,
,Sweet Onion Sauce (21 ml),Nutritional Information from the manufacturer,Subway,,21,156,37,0.1,0.1,0,8.6,7.8,,85,,,,,742.9,176.2,0.5,0.5,0.0,41.0,37.1,,404.8,,,,
,Chipotle Southwest Sauce (21 ml),Nutritional Information from the manufacturer,Subway,,21,349,83,0.6,8.1,1.3,2.1,1.5,,181,,,,,1661.9,395.2,2.9,38.6,6.2,10.0,7.1,,861.9,,,,
,Mayonnaise (15 ml),Nutritional Information from the manufacturer,Subway,,15,184,44,0.1,4.6,0.7,0.6,0,,66,,,,,1226.7,293.3,0.7,30.7,4.7,4.0,0.0,,440.0,,,,
,Ranch Dressing,Nutritional Information from the manufacturer,Subway,,21,250,60,0.3,6.6,0.5,0.4,0.2,,208,,,,,1190.5,285.7,1.4,31.4,2.4,1.9,1.0,,990.5,,,,
,Thousand Island (21 ml),Nutritional Information from the manufacturer,Subway,,21,339,81,0.2,6.8,0.7,5.3,4.9,,165,,,,,1614.3,385.7,1.0,32.4,3.3,25.2,23.3,,785.7,,,,
,,,,,,,,,,,,,,,,,,,,,,,,,,,,,,,
Easy Way,Milk Tea (small),Nutritional Information from the manufacturer,Easyway,,360,217,,0.2,3.2,,5.3,5.3,,,,,,,217,,0.2,3.2,,5.3,5.3,,,,,,
,Milk Tea (medium),Nutritional Information from the manufacturer,Easyway,,500,1085,,1,16,,26.5,26.5,,,,,,,217,,0.2,3.2,,5.3,5.3,,,,,,
,Milk Tea (large),Nutritional Information from the manufacturer,Easyway,,700,1519,,1.4,22.4,,37.1,37.1,,,,,,,217,,0.2,3.2,,5.3,5.3,,,,,,
,Relish Tea (small),Nutritional Information from the manufacturer,Easyway,,360,396,,,,,28.8,28.8,,,,,,,110.0,,,,,8.0,8.0,,,,,,
,Relish Tea (medium),Nutritional Information from the manufacturer,Easyway,,500,550,,,,,40,40,,,,,,,152.8,,,,,11.1,11.1,,,,,,
,Relish Tea (large),Nutritional Information from the manufacturer,Easyway,,700,770,,,,,56,56,,,,,,,213.9,,,,,15.6,15.6,,,,,,
,Shakes (small),Nutritional Information from the manufacturer,Easyway,,360,559.8,,,7.92,,15.3,15.3,,,,,,,155.50,,,2.20,,4.25,4.25,,,,,,
,Shakes (medium),Nutritional Information from the manufacturer,Easyway,,500,777.5,,,11,,21.25,21.25,,,,,,,215.97,,,3.06,,5.90,5.90,,,,,,
,Shakes (large),Nutritional Information from the manufacturer,Easyway,,700,1088.5,,,15.4,,29.75,29.75,,,,,,,302.36,,,4.28,,8.26,8.26,,,,,,
,Toppings (small),Nutritional Information from the manufacturer,Easyway,,360,801,,0.36,,,46.8,46.8,,,,,,,222.50,,0.10,,,13.00,13.00,,,,,,
,Toppings (medium),Nutritional Information from the manufacturer,Easyway,,500,1112.5,,0.5,,,65,65,,,,,,,309.03,,0.14,,,18.06,18.06,,,,,,
,Toppings (large),Nutritional Information from the manufacturer,Easyway,,700,1557.5,,0.7,,,91,91,,,,,,,432.64,,0.19,,,25.28,25.28,,,,,,
,,,,,,,,,,,,,,,,,,,,,,,,,,,,,,,
Vending Machine Products,TWISTIES CHEESE,Nutrition information panel,,"Corn, Vegetable Oil, Rice, WheyÂ Powder, Cheese Powder, Salt, Flavour Enhancer (621), HydrolysedÂ VegetableÂ Protein, Flavour, YeastÂ Extract, Cream Powder, Milk Powder, Natural Colours (160a, 160c),Food Acid (270).",27,563,,2,6.3,3.1,17.2,1.6,,285,,,,,2080,,7.4,23.4,11.4,63.7,5.8,,1060,,,,
,SMITHâS CRINKLES (Average all flavours),Nutrition information panel,,"Potatoes, Vegetable Oils, Salt (Flavourings)",27,588,,1.9,9.4,0.9,11.9,0.5,,161,,,,,2180,,7.1,34.8,3.5,44,1.7,,596,,,,
,PARKERâS PRETZELSÂ BAKED WHEAT TWISTS,Nutrition information panel,,"Wheat Flour, Glucose, Salt, Vegetable Oil, RaisingÂ AgentÂ (503), Yeast",35,573,,2.9,1,0.1,27.8,0.6,,482,,,,,1640,,8.3,2.9,0.4,79.4,1.8,,1380,,,,
,NOBBY'S SALTED PEANUTS,Nutrition information panel,,"Peanuts, Vegetable Oil, Salt",50,1230,,14.6,24.1,3.7,4.1,1.5,,235,,,,,2450,,29.1,48.2,7.4,8.2,3,,470,,,,
,DORITOS CHEESE SUPREME,Nutrition information panel,,"Corn, Vegetable Oil, Cheese Powder, Salt, Buttermilk Powder, WheatÂ Flour, Whey Protein Concentrate, Tomato Powder, Flavour Enhancers (621,Â 627,Â 631), OnionÂ Powder, Whey Powder, Garlic Powder, Dextrose, Sugar, Mineral SaltÂ (339), FoodÂ AcidsÂ (Lactic Acid, Citric Acid), Natural Flavour, Spice (White pepper), Colours (150D, 110)",27,588,,2.4,7.3,3.6,15.9,0.7,,149,,,,,2180,,8.9,27,13.3,58.7,2.6,,552,,,,
,CHEETOSÂ CHEESE & BACON BALLS,Nutrition information panel,,"Corn, Vegetable Oil, Wheat Flour, Whey Powder, Milk Powder, Salt, Flavour Enhancer (621), Cheese Powder, Buttermilk Powder, Mineral Salt (508), Maltodextrin, Cream Powder, Flavours, Yeast Extract, Natural Colours (Paprika extract, Turmeric), Food Acids (270, 330), Hydrolysed Vegetable Protein",17,389,,1.1,5.7,2.8,9.2,0.6,,141,,,,,2290,,6.6,33.4,16.5,54.2,3.3,,829,,,,
,BURGER RINGS,Nutrition information panel,,"Corn, Vegetable Oil, Rice Bran, Salt, Hydrolysed Vegetable Protein, Whey Powder, Sugar, Flavour Enhancer (621), Onion Powder, Yeast Extract, FoodÂ Acids (262,Â 330), Natural Flavour, Rice, Tomato Powder, Animal Fat, Garlic Powder, Colours (110, 155, 102), Natural Colours (Paprika extract)",18,394,,1.2,5.1,2.4,10.8,0.6,,205,,,,,2190,,6.6,28.1,13.5,59.8,3.2,,1140,,,,
,RED ROCK DELI (Average all flavours),Nutrition information panel,,"Potatoes, Sunflower Oil, Salt (Flavourings)",28,573,,2.2,6.3,0.6,17.8,0.2,,134,,,,,2040,,7.9,22.5,2.1,63.4,0.6,,479,,,,
,"Grain Waves, (Average all flavours)",Nutrition information panel,,"Wholegrain cereals (66%) (corn, wheat, oats), vegetable oil, rice, sugar, salt (flavourings)",50,1000,,3.7,10.4,1.7,32.4,2.6,,218,,,,,2000,,7.4,20.8,3.4,64.8,5.2,,436,,,,
,Kettle Potato Chips (Average all flavours),Nutrition information panel,,"Potatoes, vegetable oil (safflower and/or sunflower oil), whey, salt, 
buttermilk powder, cheddar cheese (pasteurized milk, cheese cultures, salt, 
enzymes), maltodextrin, sugar, onion powder, yeast extract, natural flavors, garlic 
powder, dried sour cream (cultured cream, nonfat milk), dried green onion, 
cultured buttermilk (buttermilk and cultures), lactic acid, citric acid, paprika 
oleoresin (color), natural smoke flavor.",50,1045,,3.8,13.6,1.3,28.3,0.2,,240,,,,,2090,,7.6,27.2,2.6,56.6,0.4,,480,,,,
,Cadbury original dairy milk chocolate,Nutrition information panel,,,50,1110,,4,14.8,9,28.5,27.8,,41,,,,,2220,,8,29.6,18,57,55.6,,82,,,,
,"Kit Kat, Original, 4 Finger",Nutrition information panel,,,45,981,,3.1,12.2,8.2,27.6,22.6,,43,,,,,2180,,7,27,18,61,50,,96,,,,
,"Mars, Original",Nutrition information panel,,,53,1050,,1.9,9.5,5.6,38.4,31,,70,,,,,1981,,4,18,11,72,58,,132,,,,
,"Kit Kat, Chunky, Original",Nutrition information panel,,,78,1708,,5.4,21.6,14,47.6,40.7,,74,,,,,2190,,7,28,18,61,52,,95,,,,
,Snickers,Nutrition information panel,,,53,1120,,4.8,13.3,5.1,30.7,26.5,,146,,,,,2113,,9,25,10,58,50,,275,,,,
,Twirl,Nutrition information panel,,,58,1299,,4.6,17.6,11,33.1,32.2,,47,,,,,2240,,8,30,19,57,56,,81,,,,
,,,,,,,,,,,,,,,,,,,,,,,,,,,,,,,
Juices and Smoothies,Body Toner,Nutritional Information from the manufacturer,Raw,"beetroot, carrots, orange",,516.76,,3.68,0.35,0,20.12,20.12,,148.51,,,,,5.03,,0.92,0.09,0,5.03,5.03,,37.13,,,,
,Pink Pineapple,Nutritional Information from the manufacturer,Raw,"pineapple, oranges, strawberries frozen",,612.93,,3.52,0.55,0,28.67,28.67,,22.04,,,,,6.49,,0.80,0.12,0.00,6.49,6.49,,4.99,,,,
,Honeyed Pineapple,Nutritional Information from the manufacturer,Raw,"melon, honeydew, pineapple, mint",,351.74,,1.58,0.59,0.01,16.99,16.27,,54.49,,,,,4.18,,0.39,0.15,0.00,4.18,4.01,,13.42,,,,
,Body Cleanser,Nutritional Information from the manufacturer,Raw,"cucumber green, apple gala, mint",,621.7,,3.1,0.66,0.01,29.3,28.16,,34.01,,,,,7.00,,0.74,0.16,0.00,7.00,6.73,,8.13,,,,
,Pear Splice,Nutritional Information from the manufacturer,Raw,"pear, coriander seed, limes",,1055.65,,4.95,4.17,0.2,62.91,49.61,,41.53,,,,,11.25,,0.89,0.75,0.04,11.25,8.87,,7.43,,,,
,Hydro-melon,Nutritional Information from the manufacturer,Raw,"watermelon seedless, mint, ginger",,334.33,,1.16,0.81,0,16.72,16.05,,6.98,,,,,3.20,,0.22,0.16,0.00,3.20,3.07,,1.34,,,,
,Vege Lift,Nutritional Information from the manufacturer,Raw,"beetroot, carrot, horseradish cream, masterfoods",,505.38,,3.46,0.36,0,19.47,19.4,,146.56,,,,,5.49,,0.98,0.10,0.00,5.49,5.47,,41.35,,,,
,Strawberry Splash,Nutritional Information from the manufacturer,Raw,"diced pineapples, strawberries frozen, oranges",,723.98,,3.2,0.68,0,34.54,34.54,,20.8,,,,,7.20,,0.67,0.14,0.00,7.20,7.20,,4.33,,,,
,Orange Sunrise,Nutritional Information from the manufacturer,Raw,"carrots, lemon, large oranges",,1079.3,,4.8,0.96,0,46.28,46.28,,110.6,,,,,5.71,,0.59,0.12,0.00,5.71,5.71,,13.65,,,,
,Tropicana (Cardio Kick),Nutritional Information from the manufacturer,Raw,"mango cheeks frozen, oranges, banana, passionfruit",,822.61,,4.02,0.45,0,39.08,36.16,,22.17,,,,,10.56,,1.09,0.12,0.00,10.56,9.77,,5.99,,,,
,Mango Mania,Nutritional Information from the manufacturer,Raw,"mango cheeks frozen, yogurt european, orange juice and cinnamon ground",,761.74,,4.53,4.02,2.18,44.78,43.22,,79.58,,,,,9.71,,0.98,0.87,0.47,9.71,9.37,,17.25,,,,
,Blueberry Breakfast,Nutritional Information from the manufacturer,Raw,"orange peeled whole, blueberries frozen, yogurt european, honey, psyllium husks, milk",,1727.45,,13.29,12.5,7.77,67.44,62.06,,160.54,,,,,9.63,,1.90,1.79,1.11,9.63,8.87,,22.93,,,,
,Raspberry Rush,Nutritional Information from the manufacturer,Raw,"muesli bircher, yogurt natural, honey, raspberries frozen, milk, apple juice",,2180.52,,18.11,15.1,8.45,72.26,55.91,,186.67,,,,,10.32,,2.59,2.16,1.21,10.32,7.99,,26.67,,,,
